consult_id,customer_id,consult_date,channel,category,duration_min,status,is_recontact,agent_id
ECON00001,CUST00356,2025-10-13,앱,배송문의,31.0,완료,Y,AG09
ECON00002,CUST00356,2025-03-17,전화,회원/계정,31.0,완료,N,AG10
ECON00003,CUST00356,2025-09-05,앱,배송문의,17.0,완료,N,AG15
ECON00004,CUST00356,2024-01-04,앱,이벤트/쿠폰,12.0,완료,Y,AG10
ECON00005,CUST00356,2024-08-11,전화,반품/교환,14.0,완료,N,AG17
ECON00006,CUST00109,2024-11-18,전화,배송문의,10.0,완료,N,AG13
ECON00007,CUST00009,2025-05-22,채팅,배송문의,22.0,완료,N,AG05
ECON00008,CUST00009,2025-11-21,이메일,반품/교환,27.0,재문의,Y,AG16
ECON00009,CUST00141,2024-06-02,채팅,배송문의,31.0,완료,N,AG17
ECON00010,CUST00141,2025-03-15,채팅,이벤트/쿠폰,28.0,완료,N,AG01
ECON00011,CUST00141,2024-08-23,전화,주문/결제,24.0,완료,N,AG13
ECON00012,CUST00040,2024-01-20,채팅,상품문의,10.0,완료,N,AG03
ECON00013,CUST00040,2025-05-30,전화,회원/계정,19.0,재문의,Y,AG16
ECON00014,CUST00040,2024-09-15,앱,주문/결제,27.0,재문의,Y,AG07
ECON00015,CUST00040,2024-08-24,이메일,상품문의,31.0,완료,Y,AG10
ECON00016,CUST00053,2025-11-02,채팅,배송문의,22.0,완료,N,AG10
ECON00017,CUST00053,2025-11-14,전화,상품문의,10.0,완료,N,AG07
ECON00018,CUST00384,2025-06-12,이메일,상품문의,28.0,완료,N,AG18
ECON00019,CUST00384,2024-07-23,전화,상품문의,1.0,완료,N,AG17
ECON00020,CUST00384,2025-04-05,이메일,주문/결제,34.0,미해결,N,AG03
ECON00021,CUST00162,2025-10-18,앱,반품/교환,5.0,완료,N,AG17
ECON00022,CUST00162,2025-09-28,앱,주문/결제,18.0,재문의,Y,AG16
ECON00023,CUST00383,2024-03-10,이메일,반품/교환,27.0,완료,N,AG13
ECON00024,CUST00383,2024-02-17,앱,배송문의,12.0,완료,N,AG13
ECON00025,CUST00383,2024-01-23,채팅,회원/계정,0.0,미해결,N,AG09
ECON00026,CUST00216,2025-07-28,이메일,이벤트/쿠폰,3.0,완료,N,AG09
ECON00027,CUST00216,2025-02-12,전화,회원/계정,11.0,완료,N,AG08
ECON00028,CUST00216,2025-06-04,앱,주문/결제,29.0,완료,N,AG14
ECON00029,CUST00216,2025-02-02,이메일,이벤트/쿠폰,20.0,재문의,Y,AG03
ECON00030,CUST00393,2025-04-06,채팅,회원/계정,32.0,완료,N,AG18
ECON00031,CUST00393,2024-05-10,이메일,반품/교환,10.0,완료,N,AG09
ECON00032,CUST00393,2025-02-19,앱,상품문의,21.0,완료,N,AG06
ECON00033,CUST00393,2024-06-14,이메일,이벤트/쿠폰,8.0,완료,N,AG15
ECON00034,CUST00393,2025-03-13,채팅,주문/결제,3.0,완료,N,AG03
ECON00035,CUST00393,2024-11-22,앱,이벤트/쿠폰,7.0,완료,Y,AG14
ECON00036,CUST00123,2025-01-27,채팅,상품문의,10.0,완료,N,AG16
ECON00037,CUST00123,2024-10-11,앱,주문/결제,25.0,완료,N,AG07
ECON00038,CUST00123,2024-04-04,채팅,상품문의,15.0,완료,N,AG10
ECON00039,CUST00123,2024-01-23,이메일,회원/계정,28.0,완료,N,AG19
ECON00040,CUST00265,2025-06-24,이메일,주문/결제,29.0,재문의,Y,AG08
ECON00041,CUST00265,2024-06-07,전화,회원/계정,26.0,완료,N,AG15
ECON00042,CUST00265,2024-03-28,전화,배송문의,29.0,완료,N,AG02
ECON00043,CUST00322,2025-10-22,채팅,회원/계정,9.0,완료,N,AG04
ECON00044,CUST00322,2024-04-11,채팅,상품문의,10.0,완료,N,AG01
ECON00045,CUST00322,2024-01-11,이메일,반품/교환,35.0,완료,N,AG08
ECON00046,CUST00322,2025-05-01,채팅,배송문의,36.0,완료,N,AG10
ECON00047,CUST00007,2025-11-12,이메일,배송문의,10.0,완료,N,AG12
ECON00048,CUST00007,2024-12-10,앱,회원/계정,16.0,완료,N,AG07
ECON00049,CUST00007,2024-08-19,전화,주문/결제,18.0,재문의,Y,AG07
ECON00050,CUST00007,2025-01-22,채팅,주문/결제,17.0,재문의,Y,AG09
ECON00051,CUST00160,2025-04-24,이메일,이벤트/쿠폰,7.0,완료,N,AG14
ECON00052,CUST00160,2024-08-22,채팅,상품문의,2.0,미해결,Y,AG20
ECON00053,CUST00160,2024-11-18,전화,주문/결제,15.0,완료,N,AG11
ECON00054,CUST00160,2024-10-19,채팅,반품/교환,7.0,미해결,N,AG17
ECON00055,CUST00126,2025-08-16,앱,상품문의,6.0,재문의,Y,AG01
ECON00056,CUST00126,2025-03-16,앱,상품문의,35.0,완료,N,AG07
ECON00057,CUST00126,2025-08-17,앱,상품문의,3.0,완료,N,AG07
ECON00058,CUST00252,2025-11-24,이메일,주문/결제,12.0,완료,N,AG16
ECON00059,CUST00252,2025-08-28,채팅,회원/계정,28.0,완료,Y,AG02
ECON00060,CUST00252,2025-12-17,전화,반품/교환,7.0,완료,Y,AG20
ECON00061,CUST00069,2024-01-12,앱,반품/교환,11.0,완료,N,AG20
ECON00062,CUST00069,2024-01-17,채팅,배송문의,18.0,완료,N,AG13
ECON00063,CUST00069,2024-03-05,이메일,주문/결제,34.0,미해결,N,AG10
ECON00064,CUST00104,2025-12-09,채팅,반품/교환,32.0,재문의,Y,AG15
ECON00065,CUST00104,2025-01-05,전화,이벤트/쿠폰,7.0,재문의,Y,AG06
ECON00066,CUST00104,2024-09-10,전화,상품문의,20.0,완료,N,AG14
ECON00067,CUST00104,2024-04-17,앱,이벤트/쿠폰,3.0,미해결,N,AG16
ECON00068,CUST00104,2025-12-27,채팅,주문/결제,5.0,미해결,N,AG08
ECON00069,CUST00352,2025-08-27,앱,반품/교환,10.0,재문의,Y,AG09
ECON00070,CUST00352,2025-10-30,앱,주문/결제,16.0,완료,N,AG08
ECON00071,CUST00352,2025-09-04,채팅,반품/교환,2.0,완료,N,AG08
ECON00072,CUST00090,2024-09-16,전화,회원/계정,17.0,완료,Y,AG01
ECON00073,CUST00114,2025-12-16,앱,배송문의,32.0,완료,N,AG02
ECON00074,CUST00170,2024-07-13,채팅,배송문의,14.0,완료,N,AG15
ECON00075,CUST00170,2025-09-09,전화,배송문의,24.0,완료,N,AG12
ECON00076,CUST00170,2024-08-10,앱,주문/결제,2.0,완료,N,AG02
ECON00077,CUST00170,2025-09-05,채팅,배송문의,30.0,완료,N,AG12
ECON00078,CUST00315,2024-07-27,이메일,이벤트/쿠폰,18.0,완료,N,AG13
ECON00079,CUST00315,2025-07-17,전화,회원/계정,6.0,완료,N,AG14
ECON00080,CUST00315,2024-10-17,이메일,배송문의,12.0,완료,N,AG12
ECON00081,CUST00315,2025-02-28,앱,회원/계정,7.0,완료,N,AG07
ECON00082,CUST00323,2024-01-07,채팅,상품문의,4.0,완료,N,AG19
ECON00083,CUST00323,2025-01-08,채팅,주문/결제,1.0,완료,N,AG13
ECON00084,CUST00323,2024-04-01,앱,회원/계정,19.0,완료,N,AG10
ECON00085,CUST00323,2024-06-14,전화,배송문의,14.0,완료,N,AG07
ECON00086,CUST00323,2024-11-04,전화,상품문의,12.0,완료,N,AG13
ECON00087,CUST00030,2025-12-05,채팅,회원/계정,29.0,재문의,Y,AG08
ECON00088,CUST00030,2025-09-27,채팅,상품문의,7.0,완료,N,AG13
ECON00089,CUST00030,2025-06-14,앱,배송문의,6.0,완료,N,AG07
ECON00090,CUST00030,2024-02-12,전화,회원/계정,31.0,재문의,Y,AG04
ECON00091,CUST00030,2025-02-03,앱,회원/계정,16.0,완료,N,AG14
ECON00092,CUST00030,2025-02-02,이메일,이벤트/쿠폰,16.0,완료,Y,AG20
ECON00093,CUST00378,2025-10-26,이메일,이벤트/쿠폰,29.0,완료,N,AG06
ECON00094,CUST00378,2025-10-09,전화,주문/결제,13.0,완료,N,AG15
ECON00095,CUST00378,2025-11-10,전화,배송문의,24.0,완료,N,AG11
ECON00096,CUST00378,2025-11-17,이메일,회원/계정,35.0,완료,N,AG03
ECON00097,CUST00378,2024-10-02,이메일,반품/교환,35.0,완료,N,AG06
ECON00098,CUST00181,2024-01-15,앱,이벤트/쿠폰,28.0,완료,N,AG20
ECON00099,CUST00181,2024-01-18,이메일,주문/결제,9.0,미해결,N,AG16
ECON00100,CUST00181,2024-01-14,채팅,반품/교환,14.0,완료,N,AG13
ECON00101,CUST00052,2025-11-10,앱,회원/계정,12.0,완료,N,AG09
ECON00102,CUST00194,2025-10-13,이메일,이벤트/쿠폰,19.0,재문의,Y,AG04
ECON00103,CUST00194,2024-09-15,이메일,회원/계정,30.0,미해결,N,AG12
ECON00104,CUST00194,2025-08-14,앱,배송문의,16.0,완료,N,AG02
ECON00105,CUST00194,2024-10-30,앱,반품/교환,24.0,재문의,Y,AG19
ECON00106,CUST00194,2025-11-10,전화,회원/계정,1.0,재문의,Y,AG05
ECON00107,CUST00328,2024-10-24,이메일,상품문의,19.0,완료,N,AG05
ECON00108,CUST00328,2025-05-15,전화,배송문의,2.0,완료,N,AG10
ECON00109,CUST00328,2024-04-18,채팅,상품문의,22.0,완료,N,AG07
ECON00110,CUST00328,2025-01-10,이메일,주문/결제,5.0,완료,N,AG08
ECON00111,CUST00328,2025-12-25,전화,배송문의,24.0,완료,N,AG09
ECON00112,CUST00355,2024-01-12,앱,이벤트/쿠폰,24.0,완료,N,AG17
ECON00113,CUST00355,2025-05-19,전화,배송문의,2.0,완료,Y,AG06
ECON00114,CUST00355,2024-08-31,전화,배송문의,23.0,완료,N,AG07
ECON00115,CUST00246,2025-12-02,이메일,이벤트/쿠폰,6.0,완료,N,AG10
ECON00116,CUST00246,2025-11-26,이메일,회원/계정,20.0,미해결,N,AG14
ECON00117,CUST00246,2025-12-22,이메일,주문/결제,8.0,완료,N,AG08
ECON00118,CUST00246,2025-11-25,앱,회원/계정,2.0,완료,N,AG14
ECON00119,CUST00039,2024-09-28,채팅,배송문의,33.0,완료,Y,AG09
ECON00120,CUST00039,2024-08-29,채팅,주문/결제,28.0,재문의,Y,AG11
ECON00121,CUST00045,2025-09-07,이메일,상품문의,31.0,완료,N,AG01
ECON00122,CUST00045,2025-03-23,채팅,이벤트/쿠폰,33.0,미해결,N,AG13
ECON00123,CUST00045,2025-09-29,채팅,주문/결제,1.0,완료,N,AG20
ECON00124,CUST00045,2024-06-14,채팅,회원/계정,1.0,완료,Y,AG02
ECON00125,CUST00047,2024-08-01,전화,이벤트/쿠폰,28.0,완료,N,AG18
ECON00126,CUST00047,2024-07-30,이메일,배송문의,9.0,재문의,Y,AG07
ECON00127,CUST00047,2024-09-15,전화,회원/계정,23.0,완료,N,AG05
ECON00128,CUST00047,2024-09-01,채팅,반품/교환,12.0,재문의,Y,AG14
ECON00129,CUST00047,2025-02-15,앱,반품/교환,2.0,완료,N,AG11
ECON00130,CUST00212,2025-05-02,전화,상품문의,1.0,재문의,Y,AG17
ECON00131,CUST00212,2024-04-10,전화,이벤트/쿠폰,21.0,완료,N,AG03
ECON00132,CUST00212,2025-08-11,채팅,상품문의,0.0,재문의,Y,AG07
ECON00133,CUST00212,2024-10-22,전화,배송문의,13.0,재문의,Y,AG04
ECON00134,CUST00293,2024-09-08,채팅,상품문의,22.0,완료,N,AG17
ECON00135,CUST00177,2024-10-17,채팅,상품문의,6.0,재문의,Y,AG03
ECON00136,CUST00177,2025-05-17,전화,회원/계정,12.0,재문의,Y,AG04
ECON00137,CUST00177,2025-02-14,전화,상품문의,33.0,미해결,Y,AG07
ECON00138,CUST00138,2024-11-06,채팅,상품문의,36.0,완료,N,AG15
ECON00139,CUST00138,2024-05-09,전화,반품/교환,22.0,완료,N,AG15
ECON00140,CUST00138,2025-11-08,앱,주문/결제,17.0,완료,N,AG09
ECON00141,CUST00138,2025-08-16,앱,상품문의,24.0,완료,N,AG17
ECON00142,CUST00138,2024-07-15,채팅,회원/계정,6.0,완료,N,AG11
ECON00143,CUST00138,2025-09-09,채팅,주문/결제,12.0,완료,N,AG04
ECON00144,CUST00138,2024-06-17,전화,주문/결제,14.0,미해결,N,AG10
ECON00145,CUST00214,2025-09-06,전화,반품/교환,8.0,완료,N,AG02
ECON00146,CUST00214,2025-07-21,이메일,회원/계정,8.0,완료,N,AG10
ECON00147,CUST00214,2025-11-13,앱,이벤트/쿠폰,27.0,완료,Y,AG08
ECON00148,CUST00292,2025-03-16,이메일,주문/결제,25.0,완료,N,AG19
ECON00149,CUST00292,2024-08-22,전화,상품문의,16.0,완료,N,AG04
ECON00150,CUST00305,2025-02-13,채팅,반품/교환,31.0,완료,N,AG01
ECON00151,CUST00305,2025-09-28,채팅,회원/계정,12.0,재문의,Y,AG01
ECON00152,CUST00305,2025-02-02,전화,배송문의,9.0,재문의,Y,AG07
ECON00153,CUST00305,2024-06-13,채팅,이벤트/쿠폰,13.0,완료,N,AG15
ECON00154,CUST00106,2024-10-04,이메일,이벤트/쿠폰,1.0,완료,N,AG12
ECON00155,CUST00106,2024-09-24,이메일,주문/결제,37.0,완료,N,AG17
ECON00156,CUST00106,2025-01-25,앱,회원/계정,2.0,미해결,N,AG13
ECON00157,CUST00236,2025-03-06,앱,이벤트/쿠폰,10.0,완료,N,AG13
ECON00158,CUST00236,2025-06-23,이메일,상품문의,8.0,미해결,N,AG03
ECON00159,CUST00236,2025-10-11,채팅,주문/결제,13.0,완료,N,AG14
ECON00160,CUST00236,2025-04-24,채팅,상품문의,13.0,미해결,N,AG09
ECON00161,CUST00173,2025-12-22,앱,상품문의,25.0,완료,N,AG09
ECON00162,CUST00173,2025-01-01,앱,반품/교환,18.0,완료,N,AG03
ECON00163,CUST00173,2025-11-06,채팅,반품/교환,32.0,재문의,Y,AG02
ECON00164,CUST00173,2024-03-28,앱,주문/결제,20.0,재문의,Y,AG12
ECON00165,CUST00014,2024-01-12,전화,회원/계정,11.0,완료,N,AG19
ECON00166,CUST00014,2024-05-26,채팅,상품문의,13.0,재문의,Y,AG05
ECON00167,CUST00014,2024-08-01,채팅,이벤트/쿠폰,33.0,미해결,N,AG03
ECON00168,CUST00154,2025-10-21,앱,주문/결제,18.0,재문의,Y,AG07
ECON00169,CUST00154,2025-10-03,이메일,회원/계정,33.0,완료,N,AG09
ECON00170,CUST00154,2025-06-11,채팅,상품문의,18.0,완료,Y,AG15
ECON00171,CUST00382,2024-09-09,전화,주문/결제,31.0,완료,N,AG19
ECON00172,CUST00382,2025-05-24,이메일,반품/교환,16.0,완료,N,AG03
ECON00173,CUST00382,2024-07-03,전화,배송문의,23.0,완료,N,AG11
ECON00174,CUST00382,2024-04-06,이메일,주문/결제,1.0,완료,N,AG05
ECON00175,CUST00382,2024-12-12,앱,반품/교환,18.0,완료,N,AG07
ECON00176,CUST00062,2024-10-17,이메일,반품/교환,20.0,완료,N,AG10
ECON00177,CUST00062,2024-12-29,이메일,반품/교환,19.0,재문의,Y,AG09
ECON00178,CUST00399,2024-07-27,전화,반품/교환,7.0,완료,N,AG05
ECON00179,CUST00399,2025-08-23,전화,배송문의,15.0,미해결,N,AG13
ECON00180,CUST00399,2025-07-12,이메일,반품/교환,4.0,완료,Y,AG16
ECON00181,CUST00399,2025-09-15,전화,이벤트/쿠폰,34.0,재문의,Y,AG20
ECON00182,CUST00067,2025-01-20,전화,주문/결제,1.0,완료,N,AG06
ECON00183,CUST00067,2024-04-13,전화,상품문의,29.0,완료,N,AG01
ECON00184,CUST00067,2025-01-12,채팅,반품/교환,21.0,재문의,Y,AG09
ECON00185,CUST00347,2024-02-05,이메일,이벤트/쿠폰,24.0,완료,N,AG02
ECON00186,CUST00347,2025-05-24,전화,배송문의,29.0,완료,N,AG13
ECON00187,CUST00347,2025-04-02,이메일,이벤트/쿠폰,22.0,완료,N,AG05
ECON00188,CUST00347,2025-05-01,전화,배송문의,24.0,재문의,Y,AG07
ECON00189,CUST00223,2024-06-04,이메일,배송문의,0.0,완료,N,AG03
ECON00190,CUST00223,2024-08-11,채팅,상품문의,1.0,재문의,Y,AG19
ECON00191,CUST00223,2024-09-05,채팅,배송문의,14.0,완료,N,AG05
ECON00192,CUST00064,2025-11-26,이메일,상품문의,25.0,완료,N,AG02
ECON00193,CUST00064,2025-12-07,전화,배송문의,33.0,완료,N,AG20
ECON00194,CUST00064,2025-09-17,앱,회원/계정,22.0,완료,N,AG16
ECON00195,CUST00060,2025-09-15,앱,이벤트/쿠폰,27.0,완료,N,AG06
ECON00196,CUST00060,2024-05-28,전화,반품/교환,35.0,미해결,N,AG14
ECON00197,CUST00060,2025-05-03,이메일,반품/교환,29.0,완료,N,AG10
ECON00198,CUST00054,2025-10-28,앱,이벤트/쿠폰,27.0,완료,Y,AG05
ECON00199,CUST00054,2025-09-07,이메일,주문/결제,14.0,재문의,Y,AG13
ECON00200,CUST00054,2025-09-08,채팅,상품문의,10.0,재문의,Y,AG01
ECON00201,CUST00107,2025-09-23,이메일,주문/결제,22.0,완료,N,AG02
ECON00202,CUST00107,2025-09-14,채팅,반품/교환,36.0,재문의,Y,AG18
ECON00203,CUST00107,2025-12-25,이메일,반품/교환,20.0,재문의,Y,AG18
ECON00204,CUST00107,2025-11-21,이메일,주문/결제,29.0,완료,N,AG08
ECON00205,CUST00107,2025-09-20,이메일,상품문의,26.0,완료,N,AG19
ECON00206,CUST00107,2025-07-05,이메일,이벤트/쿠폰,3.0,재문의,Y,AG12
ECON00207,CUST00389,2025-08-16,앱,이벤트/쿠폰,12.0,완료,N,AG07
ECON00208,CUST00389,2024-07-12,전화,주문/결제,30.0,완료,N,AG19
ECON00209,CUST00389,2025-07-31,채팅,주문/결제,2.0,완료,N,AG12
ECON00210,CUST00389,2024-04-18,이메일,배송문의,6.0,완료,N,AG12
ECON00211,CUST00198,2024-10-14,전화,배송문의,1.0,완료,N,AG19
ECON00212,CUST00198,2025-05-12,채팅,반품/교환,34.0,완료,N,AG04
ECON00213,CUST00348,2025-09-15,앱,배송문의,13.0,미해결,N,AG13
ECON00214,CUST00348,2024-03-26,전화,이벤트/쿠폰,14.0,완료,N,AG16
ECON00215,CUST00348,2024-03-06,이메일,배송문의,26.0,재문의,Y,AG03
ECON00216,CUST00348,2024-09-20,채팅,회원/계정,3.0,완료,N,AG17
ECON00217,CUST00348,2025-02-06,채팅,반품/교환,36.0,완료,N,AG08
ECON00218,CUST00348,2024-06-25,앱,반품/교환,2.0,완료,N,AG01
ECON00219,CUST00361,2024-02-18,이메일,배송문의,4.0,완료,N,AG01
ECON00220,CUST00361,2024-07-22,앱,이벤트/쿠폰,22.0,완료,N,AG04
ECON00221,CUST00361,2025-04-27,앱,상품문의,5.0,완료,N,AG06
ECON00222,CUST00286,2025-11-24,이메일,회원/계정,34.0,재문의,Y,AG02
ECON00223,CUST00260,2024-06-09,채팅,배송문의,35.0,미해결,N,AG05
ECON00224,CUST00260,2025-04-02,이메일,배송문의,23.0,미해결,N,AG11
ECON00225,CUST00260,2024-11-26,이메일,배송문의,23.0,재문의,Y,AG05
ECON00226,CUST00260,2024-12-05,전화,주문/결제,26.0,완료,N,AG05
ECON00227,CUST00282,2025-03-04,채팅,배송문의,10.0,완료,N,AG11
ECON00228,CUST00282,2024-06-20,전화,반품/교환,17.0,완료,N,AG05
ECON00229,CUST00282,2025-06-09,채팅,이벤트/쿠폰,18.0,완료,N,AG09
ECON00230,CUST00243,2024-07-25,이메일,반품/교환,37.0,미해결,N,AG04
ECON00231,CUST00243,2025-02-03,채팅,배송문의,31.0,완료,N,AG05
ECON00232,CUST00243,2025-10-17,앱,이벤트/쿠폰,5.0,완료,Y,AG17
ECON00233,CUST00243,2024-10-20,이메일,배송문의,34.0,완료,N,AG19
ECON00234,CUST00072,2025-11-17,채팅,주문/결제,22.0,재문의,Y,AG03
ECON00235,CUST00072,2025-12-09,앱,주문/결제,8.0,완료,N,AG07
ECON00236,CUST00072,2025-12-03,전화,배송문의,26.0,완료,N,AG02
ECON00237,CUST00072,2025-11-16,앱,반품/교환,31.0,재문의,Y,AG16
ECON00238,CUST00072,2025-07-30,이메일,주문/결제,32.0,완료,N,AG06
ECON00239,CUST00325,2025-07-12,앱,이벤트/쿠폰,22.0,완료,Y,AG17
ECON00240,CUST00325,2025-10-01,전화,배송문의,13.0,미해결,N,AG11
ECON00241,CUST00325,2025-07-27,전화,반품/교환,32.0,완료,N,AG16
ECON00242,CUST00325,2025-10-02,채팅,배송문의,9.0,완료,N,AG20
ECON00243,CUST00325,2025-01-04,앱,반품/교환,21.0,완료,N,AG01
ECON00244,CUST00325,2024-10-08,채팅,반품/교환,1.0,미해결,N,AG19
ECON00245,CUST00300,2025-04-20,전화,회원/계정,7.0,완료,N,AG15
ECON00246,CUST00300,2025-05-15,앱,배송문의,5.0,완료,N,AG05
ECON00247,CUST00128,2025-07-08,채팅,주문/결제,25.0,완료,N,AG13
ECON00248,CUST00128,2024-06-17,전화,회원/계정,14.0,미해결,N,AG20
ECON00249,CUST00128,2025-06-22,전화,반품/교환,13.0,완료,N,AG11
ECON00250,CUST00128,2025-03-22,앱,상품문의,31.0,재문의,Y,AG02
ECON00251,CUST00147,2025-05-01,이메일,회원/계정,23.0,완료,N,AG17
ECON00252,CUST00147,2024-11-12,이메일,주문/결제,19.0,완료,Y,AG05
ECON00253,CUST00147,2025-07-09,이메일,회원/계정,2.0,미해결,N,AG02
ECON00254,CUST00262,2024-02-05,앱,회원/계정,23.0,재문의,Y,AG18
ECON00255,CUST00262,2024-02-06,앱,배송문의,19.0,완료,N,AG02
ECON00256,CUST00262,2024-10-21,앱,회원/계정,6.0,완료,Y,AG17
ECON00257,CUST00262,2024-10-01,채팅,상품문의,5.0,완료,N,AG10
ECON00258,CUST00400,2024-10-07,전화,회원/계정,20.0,완료,N,AG20
ECON00259,CUST00400,2025-12-12,이메일,주문/결제,20.0,완료,N,AG18
ECON00260,CUST00400,2024-11-06,이메일,반품/교환,1.0,완료,N,AG07
ECON00261,CUST00400,2025-06-08,이메일,배송문의,34.0,완료,N,AG08
ECON00262,CUST00400,2024-11-27,이메일,반품/교환,11.0,완료,N,AG10
ECON00263,CUST00027,2024-02-28,채팅,이벤트/쿠폰,2.0,재문의,Y,AG12
ECON00264,CUST00027,2025-03-26,이메일,상품문의,13.0,완료,N,AG17
ECON00265,CUST00027,2024-08-18,채팅,상품문의,12.0,미해결,N,AG07
ECON00266,CUST00082,2025-06-14,이메일,반품/교환,29.0,완료,N,AG05
ECON00267,CUST00329,2025-02-26,전화,상품문의,28.0,재문의,Y,AG19
ECON00268,CUST00329,2024-04-30,채팅,상품문의,31.0,완료,N,AG20
ECON00269,CUST00192,2025-04-08,앱,회원/계정,13.0,완료,N,AG17
ECON00270,CUST00192,2025-07-22,앱,배송문의,29.0,완료,N,AG16
ECON00271,CUST00397,2025-01-24,채팅,이벤트/쿠폰,11.0,완료,N,AG19
ECON00272,CUST00397,2025-01-21,전화,반품/교환,12.0,완료,N,AG08
ECON00273,CUST00397,2024-11-29,이메일,배송문의,1.0,완료,N,AG16
ECON00274,CUST00020,2025-11-03,이메일,이벤트/쿠폰,31.0,완료,N,AG14
ECON00275,CUST00020,2025-11-23,전화,이벤트/쿠폰,25.0,완료,N,AG01
ECON00276,CUST00020,2025-09-02,전화,상품문의,14.0,완료,N,AG18
ECON00277,CUST00033,2025-08-10,채팅,상품문의,18.0,완료,N,AG20
ECON00278,CUST00033,2025-08-24,전화,주문/결제,13.0,완료,N,AG03
ECON00279,CUST00033,2024-11-14,전화,회원/계정,33.0,완료,N,AG17
ECON00280,CUST00033,2025-03-06,앱,이벤트/쿠폰,8.0,완료,N,AG14
ECON00281,CUST00033,2024-07-05,전화,반품/교환,21.0,완료,N,AG02
ECON00282,CUST00022,2025-03-24,전화,반품/교환,15.0,완료,N,AG01
ECON00283,CUST00022,2025-04-07,이메일,이벤트/쿠폰,21.0,완료,N,AG18
ECON00284,CUST00022,2025-12-11,채팅,상품문의,22.0,미해결,N,AG17
ECON00285,CUST00059,2025-11-28,전화,배송문의,6.0,완료,N,AG15
ECON00286,CUST00059,2025-10-19,전화,회원/계정,0.0,재문의,Y,AG19
ECON00287,CUST00059,2025-08-25,채팅,반품/교환,10.0,완료,Y,AG04
ECON00288,CUST00344,2024-03-05,이메일,이벤트/쿠폰,14.0,완료,Y,AG13
ECON00289,CUST00344,2025-08-19,전화,상품문의,2.0,재문의,Y,AG08
ECON00290,CUST00344,2024-09-12,채팅,이벤트/쿠폰,32.0,완료,N,AG15
ECON00291,CUST00344,2024-11-06,앱,상품문의,36.0,완료,Y,AG13
ECON00292,CUST00344,2025-11-22,채팅,상품문의,11.0,완료,N,AG16
ECON00293,CUST00344,2024-01-23,채팅,배송문의,6.0,재문의,Y,AG12
ECON00294,CUST00335,2025-01-23,앱,상품문의,21.0,완료,N,AG18
ECON00295,CUST00092,2025-10-28,전화,상품문의,31.0,완료,N,AG08
ECON00296,CUST00092,2025-01-31,앱,반품/교환,9.0,완료,Y,AG01
ECON00297,CUST00092,2024-12-15,채팅,회원/계정,5.0,재문의,Y,AG07
ECON00298,CUST00092,2024-10-03,채팅,이벤트/쿠폰,16.0,완료,N,AG08
ECON00299,CUST00257,2024-06-12,채팅,회원/계정,15.0,완료,N,AG19
ECON00300,CUST00257,2024-08-01,이메일,이벤트/쿠폰,8.0,완료,N,AG05
ECON00301,CUST00257,2025-12-24,이메일,이벤트/쿠폰,37.0,미해결,N,AG13
ECON00302,CUST00369,2024-10-08,전화,이벤트/쿠폰,32.0,완료,N,AG13
ECON00303,CUST00369,2024-07-04,채팅,반품/교환,1.0,완료,N,AG06
ECON00304,CUST00369,2025-01-28,전화,배송문의,21.0,완료,N,AG17
ECON00305,CUST00294,2024-10-31,앱,배송문의,8.0,완료,N,AG13
ECON00306,CUST00294,2024-10-16,이메일,회원/계정,33.0,완료,N,AG05
ECON00307,CUST00294,2024-10-10,앱,회원/계정,30.0,완료,N,AG14
ECON00308,CUST00088,2025-12-06,이메일,반품/교환,34.0,완료,N,AG10
ECON00309,CUST00088,2025-11-14,채팅,회원/계정,25.0,완료,N,AG20
ECON00310,CUST00088,2025-11-17,앱,주문/결제,14.0,완료,Y,AG10
ECON00311,CUST00088,2025-12-17,채팅,이벤트/쿠폰,31.0,완료,N,AG17
ECON00312,CUST00088,2025-11-23,앱,배송문의,4.0,미해결,N,AG10
ECON00313,CUST00088,2025-11-09,전화,주문/결제,25.0,재문의,Y,AG02
ECON00314,CUST00268,2024-11-22,앱,회원/계정,34.0,완료,N,AG13
ECON00315,CUST00268,2025-09-22,앱,이벤트/쿠폰,3.0,재문의,Y,AG14
ECON00316,CUST00268,2025-03-29,이메일,이벤트/쿠폰,2.0,미해결,N,AG14
ECON00317,CUST00268,2025-11-20,채팅,상품문의,28.0,완료,Y,AG18
ECON00318,CUST00061,2024-06-19,채팅,배송문의,6.0,완료,N,AG03
ECON00319,CUST00061,2024-06-10,채팅,주문/결제,25.0,완료,N,AG16
ECON00320,CUST00061,2024-06-19,전화,이벤트/쿠폰,26.0,완료,N,AG12
ECON00321,CUST00380,2025-12-15,채팅,이벤트/쿠폰,21.0,완료,N,AG04
ECON00322,CUST00380,2025-07-15,채팅,회원/계정,25.0,완료,N,AG15
ECON00323,CUST00380,2025-02-19,전화,회원/계정,11.0,재문의,Y,AG12
ECON00324,CUST00380,2025-05-13,전화,반품/교환,11.0,완료,N,AG10
ECON00325,CUST00380,2025-04-03,채팅,반품/교환,16.0,미해결,N,AG10
ECON00326,CUST00004,2024-01-12,이메일,배송문의,28.0,완료,N,AG19
ECON00327,CUST00004,2024-09-27,이메일,상품문의,18.0,완료,N,AG11
ECON00328,CUST00004,2024-01-09,전화,회원/계정,11.0,완료,N,AG09
ECON00329,CUST00004,2025-10-30,채팅,회원/계정,1.0,완료,N,AG05
ECON00330,CUST00204,2025-10-17,채팅,배송문의,29.0,완료,N,AG20
ECON00331,CUST00204,2025-10-25,앱,반품/교환,9.0,완료,N,AG12
ECON00332,CUST00204,2025-10-06,전화,배송문의,21.0,완료,N,AG13
ECON00333,CUST00204,2025-08-15,이메일,상품문의,18.0,미해결,N,AG10
ECON00334,CUST00142,2024-12-17,채팅,주문/결제,16.0,완료,N,AG03
ECON00335,CUST00142,2024-10-26,이메일,주문/결제,8.0,재문의,Y,AG12
ECON00336,CUST00311,2025-07-07,이메일,주문/결제,10.0,완료,N,AG17
ECON00337,CUST00311,2025-10-22,전화,상품문의,0.0,재문의,Y,AG06
ECON00338,CUST00276,2024-05-31,앱,이벤트/쿠폰,7.0,완료,N,AG11
ECON00339,CUST00276,2024-09-21,채팅,상품문의,36.0,완료,N,AG02
ECON00340,CUST00276,2025-01-05,앱,이벤트/쿠폰,21.0,완료,N,AG16
ECON00341,CUST00276,2024-12-02,앱,반품/교환,20.0,완료,N,AG07
ECON00342,CUST00176,2024-08-15,이메일,회원/계정,3.0,완료,N,AG12
ECON00343,CUST00176,2025-07-22,이메일,반품/교환,20.0,완료,N,AG13
ECON00344,CUST00176,2024-09-24,채팅,주문/결제,20.0,완료,N,AG09
ECON00345,CUST00124,2025-11-17,이메일,주문/결제,20.0,완료,N,AG19
ECON00346,CUST00124,2025-12-14,전화,상품문의,25.0,완료,N,AG05
ECON00347,CUST00124,2025-05-30,전화,회원/계정,37.0,완료,N,AG04
ECON00348,CUST00278,2025-04-16,이메일,이벤트/쿠폰,6.0,재문의,Y,AG07
ECON00349,CUST00278,2025-07-30,전화,주문/결제,14.0,완료,N,AG13
ECON00350,CUST00278,2024-08-30,전화,배송문의,26.0,완료,N,AG15
ECON00351,CUST00028,2025-03-12,전화,이벤트/쿠폰,37.0,미해결,N,AG04
ECON00352,CUST00028,2024-12-29,앱,회원/계정,25.0,완료,N,AG04
ECON00353,CUST00028,2024-09-02,앱,회원/계정,18.0,완료,N,AG12
ECON00354,CUST00167,2024-04-30,앱,이벤트/쿠폰,4.0,완료,N,AG08
ECON00355,CUST00167,2024-10-05,이메일,배송문의,31.0,완료,N,AG04
ECON00356,CUST00167,2024-02-09,전화,반품/교환,7.0,완료,N,AG10
ECON00357,CUST00167,2025-12-22,채팅,이벤트/쿠폰,32.0,완료,N,AG09
ECON00358,CUST00167,2025-04-17,앱,주문/결제,18.0,완료,N,AG02
ECON00359,CUST00167,2024-02-24,이메일,상품문의,36.0,완료,N,AG15
ECON00360,CUST00093,2025-09-17,앱,반품/교환,20.0,완료,N,AG05
ECON00361,CUST00244,2025-08-15,앱,회원/계정,17.0,완료,N,AG13
ECON00362,CUST00244,2025-11-02,앱,이벤트/쿠폰,18.0,완료,N,AG08
ECON00363,CUST00244,2025-11-29,전화,회원/계정,5.0,재문의,Y,AG05
ECON00364,CUST00244,2025-10-12,전화,이벤트/쿠폰,37.0,완료,N,AG19
ECON00365,CUST00244,2025-12-17,채팅,회원/계정,1.0,완료,N,AG04
ECON00366,CUST00037,2025-10-21,전화,반품/교환,29.0,완료,N,AG08
ECON00367,CUST00037,2025-12-21,채팅,회원/계정,3.0,재문의,Y,AG11
ECON00368,CUST00037,2025-11-17,채팅,반품/교환,32.0,완료,N,AG11
ECON00369,CUST00037,2025-05-27,앱,상품문의,19.0,완료,N,AG08
ECON00370,CUST00037,2025-08-09,채팅,배송문의,33.0,완료,N,AG13
ECON00371,CUST00065,2025-04-01,앱,주문/결제,22.0,완료,N,AG10
ECON00372,CUST00065,2024-09-15,앱,배송문의,34.0,완료,N,AG03
ECON00373,CUST00336,2024-12-27,앱,회원/계정,16.0,미해결,N,AG03
ECON00374,CUST00336,2025-05-11,채팅,반품/교환,33.0,완료,N,AG06
ECON00375,CUST00326,2025-10-03,전화,주문/결제,2.0,완료,N,AG20
ECON00376,CUST00326,2024-10-16,전화,주문/결제,9.0,재문의,Y,AG02
ECON00377,CUST00326,2024-05-12,전화,배송문의,30.0,완료,N,AG11
ECON00378,CUST00353,2025-06-07,전화,회원/계정,12.0,완료,Y,AG11
ECON00379,CUST00353,2025-07-06,전화,회원/계정,18.0,재문의,Y,AG20
ECON00380,CUST00353,2025-07-11,이메일,배송문의,3.0,완료,N,AG16
ECON00381,CUST00331,2025-09-04,이메일,배송문의,1.0,완료,N,AG11
ECON00382,CUST00331,2024-02-27,앱,주문/결제,3.0,완료,N,AG05
ECON00383,CUST00331,2025-06-26,전화,반품/교환,30.0,재문의,Y,AG14
ECON00384,CUST00070,2025-07-22,앱,주문/결제,27.0,완료,N,AG16
ECON00385,CUST00070,2024-02-02,앱,회원/계정,29.0,재문의,Y,AG15
ECON00386,CUST00029,2025-07-26,앱,주문/결제,9.0,완료,N,AG04
ECON00387,CUST00029,2025-11-02,앱,주문/결제,37.0,재문의,Y,AG08
ECON00388,CUST00029,2025-02-14,전화,배송문의,23.0,재문의,Y,AG04
ECON00389,CUST00029,2024-03-02,채팅,이벤트/쿠폰,29.0,완료,N,AG20
ECON00390,CUST00029,2025-01-09,채팅,회원/계정,32.0,완료,N,AG17
ECON00391,CUST00018,2025-06-25,이메일,주문/결제,24.0,완료,N,AG13
ECON00392,CUST00018,2025-10-14,전화,배송문의,24.0,완료,Y,AG13
ECON00393,CUST00018,2025-08-19,이메일,상품문의,34.0,완료,N,AG08
ECON00394,CUST00018,2025-03-08,앱,회원/계정,16.0,완료,N,AG07
ECON00395,CUST00018,2025-08-06,앱,반품/교환,33.0,재문의,Y,AG16
ECON00396,CUST00018,2025-06-11,채팅,상품문의,32.0,미해결,N,AG09
ECON00397,CUST00185,2024-05-19,앱,배송문의,12.0,재문의,Y,AG16
ECON00398,CUST00185,2024-09-12,이메일,주문/결제,21.0,완료,N,AG07
ECON00399,CUST00185,2025-01-04,이메일,주문/결제,16.0,완료,N,AG10
ECON00400,CUST00185,2025-12-02,전화,주문/결제,36.0,완료,Y,AG10
ECON00401,CUST00354,2024-04-09,이메일,회원/계정,15.0,재문의,Y,AG14
ECON00402,CUST00354,2024-12-13,이메일,반품/교환,36.0,완료,Y,AG08
ECON00403,CUST00354,2024-07-25,전화,배송문의,5.0,재문의,Y,AG20
ECON00404,CUST00354,2024-08-25,전화,회원/계정,1.0,완료,N,AG11
ECON00405,CUST00354,2024-03-07,전화,상품문의,36.0,재문의,Y,AG17
ECON00406,CUST00055,2025-03-14,채팅,회원/계정,20.0,완료,N,AG18
ECON00407,CUST00055,2025-05-27,앱,상품문의,35.0,미해결,Y,AG07
ECON00408,CUST00055,2024-08-17,앱,회원/계정,7.0,완료,N,AG03
ECON00409,CUST00055,2024-02-14,전화,상품문의,29.0,완료,N,AG09
ECON00410,CUST00055,2024-01-11,전화,회원/계정,17.0,완료,N,AG11
ECON00411,CUST00251,2024-10-02,앱,이벤트/쿠폰,16.0,완료,N,AG13
ECON00412,CUST00251,2025-01-29,채팅,회원/계정,0.0,재문의,Y,AG20
ECON00413,CUST00372,2025-12-30,채팅,주문/결제,25.0,완료,N,AG20
ECON00414,CUST00372,2025-08-04,전화,상품문의,26.0,미해결,N,AG15
ECON00415,CUST00372,2025-12-14,이메일,이벤트/쿠폰,0.0,완료,N,AG16
ECON00416,CUST00289,2025-08-19,이메일,반품/교환,26.0,완료,N,AG17
ECON00417,CUST00110,2024-09-29,앱,배송문의,23.0,완료,N,AG08
ECON00418,CUST00110,2025-09-19,앱,상품문의,32.0,재문의,Y,AG12
ECON00419,CUST00110,2025-06-18,채팅,주문/결제,2.0,완료,N,AG12
ECON00420,CUST00157,2024-07-27,채팅,주문/결제,30.0,완료,N,AG02
ECON00421,CUST00157,2024-03-23,이메일,배송문의,15.0,완료,N,AG13
ECON00422,CUST00076,2024-04-15,앱,상품문의,25.0,완료,N,AG10
ECON00423,CUST00076,2025-04-01,이메일,회원/계정,18.0,완료,N,AG17
ECON00424,CUST00076,2024-06-02,채팅,반품/교환,18.0,완료,N,AG20
ECON00425,CUST00377,2025-01-25,채팅,배송문의,21.0,완료,Y,AG06
ECON00426,CUST00377,2024-11-09,앱,반품/교환,9.0,완료,N,AG15
ECON00427,CUST00377,2024-04-03,이메일,배송문의,7.0,완료,N,AG10
ECON00428,CUST00013,2025-09-24,전화,회원/계정,16.0,재문의,Y,AG12
ECON00429,CUST00013,2024-02-12,앱,상품문의,16.0,완료,N,AG09
ECON00430,CUST00013,2024-12-26,채팅,이벤트/쿠폰,7.0,완료,N,AG19
ECON00431,CUST00013,2025-01-16,채팅,반품/교환,32.0,완료,Y,AG15
ECON00432,CUST00338,2025-05-23,전화,배송문의,22.0,미해결,N,AG15
ECON00433,CUST00338,2025-12-18,이메일,상품문의,7.0,재문의,Y,AG03
ECON00434,CUST00365,2025-10-20,채팅,이벤트/쿠폰,28.0,완료,Y,AG08
ECON00435,CUST00365,2025-06-19,전화,회원/계정,11.0,완료,N,AG13
ECON00436,CUST00365,2025-10-30,채팅,배송문의,21.0,완료,Y,AG16
ECON00437,CUST00365,2025-04-23,채팅,이벤트/쿠폰,17.0,재문의,Y,AG07
ECON00438,CUST00365,2025-08-27,전화,이벤트/쿠폰,26.0,완료,N,AG19
ECON00439,CUST00199,2024-02-21,채팅,반품/교환,12.0,재문의,Y,AG17
ECON00440,CUST00199,2024-01-07,앱,이벤트/쿠폰,10.0,완료,N,AG09
ECON00441,CUST00199,2025-11-10,이메일,이벤트/쿠폰,33.0,재문의,Y,AG02
ECON00442,CUST00199,2024-11-10,이메일,상품문의,32.0,완료,N,AG07
ECON00443,CUST00314,2024-11-29,앱,상품문의,24.0,완료,N,AG05
ECON00444,CUST00314,2025-03-29,앱,주문/결제,17.0,미해결,N,AG02
ECON00445,CUST00314,2025-10-01,전화,상품문의,35.0,완료,N,AG02
ECON00446,CUST00314,2025-02-10,이메일,반품/교환,7.0,완료,N,AG19
ECON00447,CUST00314,2025-08-01,이메일,주문/결제,32.0,완료,Y,AG14
ECON00448,CUST00269,2025-08-06,전화,이벤트/쿠폰,18.0,재문의,Y,AG01
ECON00449,CUST00269,2025-11-22,채팅,상품문의,8.0,완료,N,AG10
ECON00450,CUST00269,2025-08-25,채팅,주문/결제,29.0,완료,N,AG17
ECON00451,CUST00269,2025-07-27,채팅,배송문의,35.0,완료,N,AG09
ECON00452,CUST00227,2025-12-24,이메일,주문/결제,32.0,미해결,N,AG05
ECON00453,CUST00227,2024-02-12,이메일,반품/교환,28.0,완료,N,AG11
ECON00454,CUST00227,2025-12-24,채팅,반품/교환,34.0,완료,N,AG07
ECON00455,CUST00119,2024-08-24,전화,반품/교환,14.0,완료,N,AG08
ECON00456,CUST00119,2025-11-01,전화,주문/결제,17.0,완료,N,AG14
ECON00457,CUST00119,2024-12-07,전화,배송문의,31.0,완료,N,AG07
ECON00458,CUST00119,2025-11-02,전화,반품/교환,18.0,미해결,Y,AG16
ECON00459,CUST00119,2024-04-05,앱,반품/교환,22.0,완료,N,AG03
ECON00460,CUST00008,2024-01-26,앱,주문/결제,21.0,완료,N,AG19
ECON00461,CUST00008,2024-03-17,전화,반품/교환,7.0,완료,N,AG10
ECON00462,CUST00008,2024-01-07,앱,상품문의,18.0,완료,N,AG12
ECON00463,CUST00008,2024-01-23,앱,배송문의,27.0,완료,N,AG18
ECON00464,CUST00008,2024-01-15,이메일,상품문의,1.0,재문의,Y,AG02
ECON00465,CUST00008,2024-03-06,이메일,회원/계정,26.0,완료,N,AG12
ECON00466,CUST00208,2024-12-14,전화,반품/교환,0.0,완료,N,AG16
ECON00467,CUST00208,2025-05-06,전화,배송문의,33.0,완료,N,AG16
ECON00468,CUST00208,2025-04-02,전화,반품/교환,17.0,완료,N,AG18
ECON00469,CUST00208,2024-08-12,앱,주문/결제,10.0,완료,N,AG05
ECON00470,CUST00208,2025-03-02,채팅,배송문의,1.0,완료,N,AG16
ECON00471,CUST00208,2025-01-31,채팅,배송문의,28.0,완료,N,AG09
ECON00472,CUST00217,2024-02-01,전화,반품/교환,21.0,완료,N,AG19
ECON00473,CUST00217,2024-08-10,전화,주문/결제,3.0,완료,N,AG04
ECON00474,CUST00217,2024-02-12,채팅,반품/교환,13.0,완료,N,AG15
ECON00475,CUST00217,2025-08-29,전화,반품/교환,35.0,미해결,N,AG14
ECON00476,CUST00217,2024-02-03,채팅,주문/결제,27.0,완료,N,AG05
ECON00477,CUST00197,2024-07-27,채팅,회원/계정,12.0,완료,N,AG01
ECON00478,CUST00197,2025-05-06,앱,배송문의,28.0,완료,N,AG07
ECON00479,CUST00197,2025-10-02,앱,상품문의,3.0,완료,N,AG12
ECON00480,CUST00197,2025-08-19,이메일,회원/계정,29.0,완료,N,AG09
ECON00481,CUST00158,2025-12-11,전화,회원/계정,17.0,미해결,N,AG19
ECON00482,CUST00003,2025-10-17,앱,회원/계정,36.0,재문의,Y,AG18
ECON00483,CUST00003,2025-11-01,전화,배송문의,36.0,미해결,N,AG09
ECON00484,CUST00003,2024-08-25,이메일,이벤트/쿠폰,9.0,완료,N,AG02
ECON00485,CUST00003,2025-02-05,이메일,회원/계정,25.0,완료,N,AG13
ECON00486,CUST00179,2025-10-08,채팅,회원/계정,25.0,미해결,N,AG20
ECON00487,CUST00179,2025-10-14,전화,반품/교환,18.0,재문의,Y,AG01
ECON00488,CUST00179,2025-07-25,이메일,상품문의,15.0,재문의,Y,AG10
ECON00489,CUST00179,2025-10-22,채팅,배송문의,13.0,완료,N,AG20
ECON00490,CUST00179,2025-07-05,전화,반품/교환,7.0,완료,N,AG14
ECON00491,CUST00019,2024-10-09,전화,상품문의,30.0,완료,N,AG09
ECON00492,CUST00019,2025-05-14,앱,주문/결제,8.0,미해결,N,AG20
ECON00493,CUST00357,2025-11-25,앱,이벤트/쿠폰,29.0,완료,N,AG06
ECON00494,CUST00267,2024-06-28,채팅,상품문의,21.0,완료,N,AG12
ECON00495,CUST00267,2025-11-23,이메일,주문/결제,34.0,완료,N,AG14
ECON00496,CUST00267,2024-03-18,앱,상품문의,10.0,완료,N,AG10
ECON00497,CUST00213,2025-11-08,이메일,이벤트/쿠폰,30.0,완료,Y,AG16
ECON00498,CUST00213,2025-05-20,전화,배송문의,32.0,완료,N,AG04
ECON00499,CUST00213,2025-07-24,앱,이벤트/쿠폰,33.0,완료,N,AG15
ECON00500,CUST00213,2024-02-05,이메일,주문/결제,0.0,미해결,N,AG09
ECON00501,CUST00371,2025-08-13,이메일,주문/결제,28.0,완료,N,AG09
ECON00502,CUST00371,2025-10-04,앱,이벤트/쿠폰,1.0,재문의,Y,AG18
ECON00503,CUST00371,2025-02-21,이메일,상품문의,36.0,완료,N,AG09
ECON00504,CUST00371,2024-11-27,이메일,배송문의,29.0,완료,N,AG05
ECON00505,CUST00371,2024-07-24,전화,주문/결제,11.0,완료,N,AG10
ECON00506,CUST00016,2024-02-24,이메일,반품/교환,36.0,완료,N,AG10
ECON00507,CUST00016,2025-05-01,앱,상품문의,15.0,완료,N,AG12
ECON00508,CUST00016,2025-02-07,이메일,반품/교환,4.0,완료,N,AG20
ECON00509,CUST00016,2025-04-06,이메일,회원/계정,6.0,완료,N,AG02
ECON00510,CUST00016,2024-06-04,이메일,회원/계정,21.0,완료,N,AG03
ECON00511,CUST00255,2025-02-09,앱,회원/계정,4.0,완료,N,AG01
ECON00512,CUST00255,2024-02-12,앱,반품/교환,22.0,완료,N,AG08
ECON00513,CUST00255,2024-03-12,전화,이벤트/쿠폰,25.0,재문의,Y,AG14
ECON00514,CUST00248,2024-02-26,채팅,회원/계정,7.0,미해결,N,AG04
ECON00515,CUST00248,2024-07-25,앱,상품문의,15.0,완료,N,AG12
ECON00516,CUST00248,2024-04-05,채팅,이벤트/쿠폰,27.0,완료,N,AG10
ECON00517,CUST00248,2024-03-09,전화,상품문의,2.0,완료,Y,AG19
ECON00518,CUST00248,2024-04-30,이메일,주문/결제,21.0,완료,N,AG05
ECON00519,CUST00273,2024-09-01,앱,배송문의,27.0,완료,N,AG13
ECON00520,CUST00273,2024-10-21,이메일,이벤트/쿠폰,33.0,완료,N,AG20
ECON00521,CUST00273,2025-09-11,앱,이벤트/쿠폰,8.0,재문의,Y,AG08
ECON00522,CUST00273,2024-11-12,전화,반품/교환,1.0,완료,N,AG04
ECON00523,CUST00273,2024-11-28,이메일,회원/계정,28.0,완료,N,AG17
ECON00524,CUST00073,2024-03-01,전화,배송문의,20.0,미해결,N,AG16
ECON00525,CUST00073,2024-08-17,앱,반품/교환,20.0,완료,N,AG18
ECON00526,CUST00073,2024-08-01,전화,주문/결제,29.0,완료,Y,AG17
ECON00527,CUST00073,2024-10-01,전화,회원/계정,10.0,완료,N,AG04
ECON00528,CUST00073,2025-02-13,이메일,주문/결제,25.0,완료,N,AG02
ECON00529,CUST00358,2024-12-03,앱,배송문의,24.0,완료,N,AG14
ECON00530,CUST00358,2025-04-09,이메일,주문/결제,13.0,미해결,N,AG13
ECON00531,CUST00358,2024-06-18,채팅,배송문의,27.0,완료,N,AG15
ECON00532,CUST00358,2024-07-21,채팅,반품/교환,7.0,재문의,Y,AG10
ECON00533,CUST00358,2024-01-24,전화,배송문의,13.0,미해결,N,AG18
ECON00534,CUST00155,2024-12-24,앱,반품/교환,11.0,완료,Y,AG06
ECON00535,CUST00155,2025-07-08,전화,회원/계정,17.0,완료,N,AG04
ECON00536,CUST00155,2024-12-14,이메일,상품문의,37.0,완료,N,AG11
ECON00537,CUST00121,2025-05-02,채팅,배송문의,20.0,재문의,Y,AG09
ECON00538,CUST00121,2025-06-04,앱,반품/교환,24.0,완료,N,AG07
ECON00539,CUST00121,2025-12-28,이메일,회원/계정,27.0,완료,N,AG14
ECON00540,CUST00121,2024-05-17,전화,주문/결제,27.0,완료,N,AG01
ECON00541,CUST00121,2024-01-10,전화,상품문의,29.0,재문의,Y,AG07
ECON00542,CUST00195,2024-03-13,앱,이벤트/쿠폰,21.0,재문의,Y,AG15
ECON00543,CUST00195,2025-05-11,채팅,배송문의,9.0,재문의,Y,AG12
ECON00544,CUST00195,2025-01-26,전화,이벤트/쿠폰,32.0,재문의,Y,AG07
ECON00545,CUST00195,2025-03-26,이메일,배송문의,21.0,완료,N,AG16
ECON00546,CUST00195,2024-06-22,채팅,회원/계정,24.0,완료,N,AG16
ECON00547,CUST00229,2025-09-12,이메일,이벤트/쿠폰,14.0,완료,N,AG08
ECON00548,CUST00229,2024-01-06,채팅,회원/계정,27.0,완료,N,AG08
ECON00549,CUST00190,2024-01-01,전화,상품문의,9.0,완료,N,AG08
ECON00550,CUST00190,2025-11-19,이메일,반품/교환,2.0,완료,N,AG16
ECON00551,CUST00190,2024-04-16,전화,주문/결제,5.0,재문의,Y,AG17
ECON00552,CUST00190,2024-06-15,앱,배송문의,19.0,완료,N,AG13
ECON00553,CUST00190,2024-01-03,전화,이벤트/쿠폰,24.0,완료,N,AG18
ECON00554,CUST00190,2025-09-26,전화,회원/계정,2.0,완료,N,AG10
ECON00555,CUST00190,2025-04-13,전화,이벤트/쿠폰,28.0,완료,Y,AG17
ECON00556,CUST00280,2025-08-23,채팅,회원/계정,16.0,완료,N,AG03
ECON00557,CUST00280,2025-10-07,전화,배송문의,27.0,완료,N,AG04
ECON00558,CUST00280,2025-02-15,앱,반품/교환,28.0,완료,N,AG20
ECON00559,CUST00280,2025-10-23,채팅,배송문의,3.0,미해결,Y,AG20
ECON00560,CUST00280,2025-04-20,이메일,상품문의,34.0,완료,N,AG07
ECON00561,CUST00280,2025-02-10,전화,회원/계정,27.0,미해결,N,AG05
ECON00562,CUST00116,2025-04-29,앱,상품문의,9.0,완료,N,AG10
ECON00563,CUST00116,2025-09-26,이메일,배송문의,6.0,완료,N,AG16
ECON00564,CUST00116,2025-09-14,채팅,배송문의,15.0,완료,Y,AG08
ECON00565,CUST00116,2025-09-30,앱,배송문의,29.0,미해결,N,AG11
ECON00566,CUST00156,2024-03-22,전화,배송문의,31.0,완료,N,AG11
ECON00567,CUST00156,2025-01-10,전화,상품문의,6.0,완료,N,AG18
ECON00568,CUST00134,2025-11-14,전화,회원/계정,8.0,완료,N,AG01
ECON00569,CUST00134,2025-07-05,전화,주문/결제,23.0,완료,N,AG06
ECON00570,CUST00134,2025-07-17,채팅,반품/교환,10.0,재문의,Y,AG01
ECON00571,CUST00134,2025-04-09,채팅,회원/계정,10.0,완료,N,AG19
ECON00572,CUST00086,2024-05-25,전화,회원/계정,14.0,완료,Y,AG03
ECON00573,CUST00086,2025-07-02,앱,배송문의,5.0,완료,N,AG16
ECON00574,CUST00086,2025-10-25,앱,상품문의,7.0,미해결,N,AG10
ECON00575,CUST00086,2025-02-08,채팅,상품문의,37.0,완료,N,AG15
ECON00576,CUST00086,2024-12-16,채팅,배송문의,14.0,완료,N,AG04
ECON00577,CUST00086,2024-08-01,앱,반품/교환,23.0,재문의,Y,AG07
ECON00578,CUST00086,2024-03-15,채팅,회원/계정,24.0,미해결,N,AG09
ECON00579,CUST00396,2024-04-09,전화,상품문의,9.0,재문의,Y,AG03
ECON00580,CUST00396,2025-08-06,전화,배송문의,11.0,완료,N,AG05
ECON00581,CUST00396,2024-12-29,채팅,주문/결제,14.0,완료,N,AG12
ECON00582,CUST00396,2025-01-10,전화,주문/결제,34.0,완료,N,AG13
ECON00583,CUST00166,2024-01-31,채팅,주문/결제,28.0,완료,N,AG08
ECON00584,CUST00166,2025-10-18,앱,배송문의,2.0,재문의,Y,AG13
ECON00585,CUST00166,2025-01-13,전화,상품문의,16.0,완료,N,AG15
ECON00586,CUST00166,2025-07-22,전화,상품문의,4.0,완료,N,AG06
ECON00587,CUST00188,2024-03-03,전화,반품/교환,13.0,완료,N,AG11
ECON00588,CUST00188,2025-07-22,채팅,상품문의,28.0,완료,N,AG13
ECON00589,CUST00188,2024-04-22,이메일,이벤트/쿠폰,2.0,완료,N,AG17
ECON00590,CUST00188,2024-11-19,전화,상품문의,10.0,완료,N,AG15
ECON00591,CUST00188,2024-05-14,이메일,회원/계정,12.0,완료,N,AG12
ECON00592,CUST00274,2024-03-10,이메일,상품문의,10.0,완료,N,AG17
ECON00593,CUST00274,2024-01-26,전화,이벤트/쿠폰,24.0,완료,N,AG20
ECON00594,CUST00274,2024-05-22,채팅,상품문의,30.0,완료,N,AG02
ECON00595,CUST00313,2025-10-28,채팅,배송문의,22.0,완료,N,AG03
ECON00596,CUST00313,2025-04-05,전화,반품/교환,16.0,완료,N,AG07
ECON00597,CUST00313,2024-11-07,채팅,배송문의,15.0,완료,N,AG01
ECON00598,CUST00313,2025-01-03,채팅,배송문의,18.0,미해결,N,AG16
ECON00599,CUST00099,2025-11-19,채팅,주문/결제,31.0,미해결,N,AG15
ECON00600,CUST00099,2024-10-04,앱,배송문의,15.0,완료,N,AG01
ECON00601,CUST00077,2025-07-11,전화,주문/결제,22.0,재문의,Y,AG09
ECON00602,CUST00122,2025-09-13,이메일,주문/결제,10.0,완료,N,AG09
ECON00603,CUST00122,2025-03-02,채팅,이벤트/쿠폰,5.0,완료,N,AG02
ECON00604,CUST00184,2024-03-23,이메일,상품문의,9.0,완료,N,AG08
ECON00605,CUST00184,2024-06-03,앱,회원/계정,15.0,미해결,Y,AG04
ECON00606,CUST00184,2024-01-18,전화,반품/교환,28.0,미해결,N,AG05
ECON00607,CUST00184,2025-03-06,이메일,반품/교환,30.0,완료,N,AG17
ECON00608,CUST00127,2025-08-20,채팅,상품문의,24.0,완료,N,AG12
ECON00609,CUST00127,2025-06-18,채팅,상품문의,3.0,미해결,N,AG19
ECON00610,CUST00127,2025-01-26,앱,회원/계정,9.0,완료,N,AG17
ECON00611,CUST00127,2024-09-20,전화,회원/계정,27.0,완료,N,AG16
ECON00612,CUST00127,2024-08-05,전화,상품문의,18.0,완료,N,AG06
ECON00613,CUST00245,2024-08-26,전화,주문/결제,20.0,미해결,N,AG05
ECON00614,CUST00245,2024-08-26,앱,상품문의,25.0,완료,N,AG05
ECON00615,CUST00232,2024-08-15,앱,배송문의,1.0,완료,N,AG13
ECON00616,CUST00232,2025-09-22,전화,상품문의,22.0,완료,N,AG19
ECON00617,CUST00232,2025-07-09,이메일,반품/교환,6.0,완료,N,AG01
ECON00618,CUST00232,2025-11-23,채팅,상품문의,14.0,완료,N,AG10
ECON00619,CUST00042,2025-10-11,채팅,반품/교환,28.0,완료,N,AG09
ECON00620,CUST00042,2024-06-16,이메일,회원/계정,32.0,재문의,Y,AG19
ECON00621,CUST00042,2024-02-16,전화,이벤트/쿠폰,20.0,완료,N,AG09
ECON00622,CUST00042,2024-01-30,전화,주문/결제,3.0,완료,N,AG06
ECON00623,CUST00042,2024-08-23,채팅,배송문의,1.0,완료,N,AG03
ECON00624,CUST00178,2024-08-27,앱,배송문의,19.0,완료,N,AG14
ECON00625,CUST00178,2024-11-05,앱,반품/교환,2.0,완료,N,AG06
ECON00626,CUST00168,2024-02-23,앱,주문/결제,29.0,완료,N,AG11
ECON00627,CUST00168,2025-05-28,채팅,이벤트/쿠폰,34.0,완료,N,AG02
ECON00628,CUST00168,2024-06-06,이메일,상품문의,11.0,재문의,Y,AG01
ECON00629,CUST00317,2024-08-22,전화,상품문의,3.0,완료,N,AG07
ECON00630,CUST00317,2025-12-25,이메일,주문/결제,23.0,완료,N,AG16
ECON00631,CUST00317,2025-08-01,전화,주문/결제,35.0,완료,N,AG15
ECON00632,CUST00317,2024-09-03,이메일,이벤트/쿠폰,20.0,재문의,Y,AG02
ECON00633,CUST00235,2025-11-22,채팅,회원/계정,27.0,완료,N,AG07
ECON00634,CUST00235,2025-11-17,앱,회원/계정,33.0,완료,N,AG02
ECON00635,CUST00235,2025-11-22,앱,회원/계정,27.0,완료,N,AG10
ECON00636,CUST00235,2025-12-14,앱,배송문의,29.0,완료,N,AG10
ECON00637,CUST00235,2025-10-31,채팅,주문/결제,6.0,완료,N,AG08
ECON00638,CUST00235,2025-12-23,앱,배송문의,29.0,완료,N,AG12
ECON00639,CUST00021,2025-12-24,앱,배송문의,4.0,완료,Y,AG13
ECON00640,CUST00021,2025-12-08,앱,회원/계정,19.0,완료,N,AG16
ECON00641,CUST00021,2025-12-26,앱,이벤트/쿠폰,17.0,완료,N,AG11
ECON00642,CUST00021,2025-12-20,이메일,배송문의,24.0,완료,N,AG02
ECON00643,CUST00012,2025-11-20,이메일,회원/계정,23.0,완료,N,AG03
ECON00644,CUST00012,2025-08-01,전화,주문/결제,15.0,완료,N,AG02
ECON00645,CUST00012,2025-02-24,채팅,이벤트/쿠폰,4.0,완료,Y,AG06
ECON00646,CUST00012,2025-11-07,이메일,주문/결제,9.0,완료,N,AG14
ECON00647,CUST00012,2025-07-31,채팅,상품문의,36.0,완료,N,AG09
ECON00648,CUST00012,2025-08-24,채팅,이벤트/쿠폰,30.0,완료,N,AG13
ECON00649,CUST00301,2025-11-15,채팅,회원/계정,7.0,완료,N,AG04
ECON00650,CUST00135,2024-12-29,이메일,회원/계정,5.0,완료,N,AG11
ECON00651,CUST00135,2025-03-06,앱,회원/계정,7.0,완료,N,AG01
ECON00652,CUST00135,2024-12-13,전화,반품/교환,22.0,완료,N,AG11
ECON00653,CUST00135,2024-12-09,앱,반품/교환,11.0,재문의,Y,AG20
ECON00654,CUST00135,2025-04-16,앱,배송문의,35.0,완료,Y,AG14
ECON00655,CUST00307,2025-10-13,채팅,회원/계정,30.0,재문의,Y,AG06
ECON00656,CUST00307,2024-06-03,앱,이벤트/쿠폰,24.0,재문의,Y,AG13
ECON00657,CUST00164,2024-09-02,앱,회원/계정,30.0,완료,N,AG06
ECON00658,CUST00164,2024-11-23,채팅,회원/계정,32.0,재문의,Y,AG18
ECON00659,CUST00392,2025-05-16,이메일,반품/교환,17.0,미해결,N,AG07
ECON00660,CUST00392,2025-05-21,채팅,배송문의,4.0,완료,N,AG01
ECON00661,CUST00392,2025-06-01,채팅,반품/교환,3.0,재문의,Y,AG03
ECON00662,CUST00392,2025-05-06,채팅,상품문의,24.0,완료,N,AG16
ECON00663,CUST00266,2025-10-09,이메일,반품/교환,33.0,재문의,Y,AG10
ECON00664,CUST00266,2024-12-26,전화,이벤트/쿠폰,22.0,완료,N,AG17
ECON00665,CUST00266,2024-03-11,이메일,배송문의,33.0,완료,N,AG07
ECON00666,CUST00266,2024-08-01,앱,회원/계정,26.0,완료,N,AG19
ECON00667,CUST00266,2024-02-05,이메일,배송문의,27.0,완료,N,AG03
ECON00668,CUST00068,2024-07-07,앱,배송문의,8.0,완료,N,AG02
ECON00669,CUST00068,2024-08-12,이메일,주문/결제,14.0,완료,N,AG14
ECON00670,CUST00068,2024-07-25,앱,이벤트/쿠폰,27.0,완료,N,AG18
ECON00671,CUST00075,2024-05-26,이메일,이벤트/쿠폰,33.0,완료,N,AG01
ECON00672,CUST00075,2025-10-26,전화,이벤트/쿠폰,13.0,완료,N,AG07
ECON00673,CUST00075,2025-06-01,채팅,이벤트/쿠폰,17.0,완료,N,AG07
ECON00674,CUST00075,2024-05-27,이메일,배송문의,16.0,완료,N,AG09
ECON00675,CUST00145,2025-05-16,채팅,이벤트/쿠폰,23.0,완료,Y,AG01
ECON00676,CUST00145,2025-07-21,채팅,회원/계정,29.0,미해결,N,AG08
ECON00677,CUST00145,2025-02-02,채팅,주문/결제,36.0,완료,N,AG04
ECON00678,CUST00182,2025-11-04,이메일,이벤트/쿠폰,2.0,완료,N,AG15
ECON00679,CUST00182,2025-12-15,전화,이벤트/쿠폰,25.0,완료,N,AG15
ECON00680,CUST00182,2025-06-19,앱,상품문의,28.0,완료,N,AG07
ECON00681,CUST00146,2025-10-04,이메일,반품/교환,23.0,완료,N,AG06
ECON00682,CUST00345,2024-05-25,앱,배송문의,19.0,완료,N,AG16
ECON00683,CUST00345,2025-03-26,이메일,상품문의,35.0,재문의,Y,AG16
ECON00684,CUST00103,2025-06-14,채팅,이벤트/쿠폰,6.0,완료,Y,AG13
ECON00685,CUST00103,2024-03-12,앱,회원/계정,16.0,완료,N,AG13
ECON00686,CUST00249,2025-08-09,전화,회원/계정,18.0,완료,N,AG13
ECON00687,CUST00249,2025-03-18,채팅,이벤트/쿠폰,24.0,완료,N,AG01
ECON00688,CUST00196,2025-09-04,이메일,반품/교환,22.0,완료,N,AG11
ECON00689,CUST00196,2025-09-07,이메일,회원/계정,7.0,완료,N,AG01
ECON00690,CUST00050,2025-12-04,앱,이벤트/쿠폰,33.0,완료,N,AG18
ECON00691,CUST00206,2024-11-28,이메일,배송문의,12.0,완료,N,AG20
ECON00692,CUST00206,2025-08-01,앱,배송문의,14.0,재문의,Y,AG13
ECON00693,CUST00277,2025-11-10,앱,반품/교환,30.0,완료,N,AG13
ECON00694,CUST00277,2024-05-30,채팅,배송문의,27.0,완료,N,AG10
ECON00695,CUST00277,2024-12-27,이메일,반품/교환,5.0,완료,N,AG04
ECON00696,CUST00277,2024-10-02,전화,주문/결제,16.0,완료,N,AG16
ECON00697,CUST00277,2025-06-07,채팅,이벤트/쿠폰,5.0,완료,N,AG03
ECON00698,CUST00277,2024-07-04,전화,배송문의,12.0,완료,N,AG06
ECON00699,CUST00381,2024-04-25,전화,주문/결제,7.0,완료,N,AG07
ECON00700,CUST00381,2025-01-04,이메일,반품/교환,14.0,완료,N,AG08
ECON00701,CUST00381,2025-05-09,채팅,주문/결제,7.0,미해결,N,AG12
ECON00702,CUST00381,2025-10-03,전화,상품문의,20.0,완료,N,AG02
ECON00703,CUST00381,2025-03-26,전화,상품문의,16.0,완료,Y,AG11
ECON00704,CUST00130,2024-05-31,채팅,상품문의,6.0,재문의,Y,AG13
ECON00705,CUST00130,2024-06-09,전화,이벤트/쿠폰,30.0,완료,N,AG17
ECON00706,CUST00130,2024-01-06,앱,상품문의,26.0,재문의,Y,AG07
ECON00707,CUST00153,2025-08-06,이메일,반품/교환,36.0,완료,N,AG20
ECON00708,CUST00153,2024-06-14,이메일,주문/결제,10.0,완료,N,AG20
ECON00709,CUST00083,2025-11-24,앱,이벤트/쿠폰,12.0,완료,N,AG18
ECON00710,CUST00083,2025-10-04,전화,상품문의,34.0,미해결,N,AG05
ECON00711,CUST00083,2025-09-18,이메일,반품/교환,22.0,재문의,Y,AG14
ECON00712,CUST00083,2025-11-28,전화,이벤트/쿠폰,29.0,미해결,N,AG09
ECON00713,CUST00083,2025-06-30,이메일,상품문의,33.0,완료,N,AG03
ECON00714,CUST00233,2024-04-09,앱,주문/결제,2.0,완료,N,AG12
ECON00715,CUST00233,2024-07-29,이메일,이벤트/쿠폰,26.0,미해결,N,AG09
ECON00716,CUST00233,2025-04-12,앱,상품문의,25.0,완료,N,AG04
ECON00717,CUST00215,2024-02-17,채팅,회원/계정,11.0,완료,N,AG18
ECON00718,CUST00023,2024-12-26,이메일,주문/결제,10.0,완료,N,AG15
ECON00719,CUST00023,2025-05-04,전화,배송문의,8.0,완료,N,AG03
ECON00720,CUST00023,2024-10-24,채팅,주문/결제,24.0,완료,N,AG06
ECON00721,CUST00261,2024-06-17,채팅,상품문의,32.0,완료,N,AG09
ECON00722,CUST00261,2024-03-03,앱,배송문의,23.0,완료,N,AG15
ECON00723,CUST00261,2024-08-05,이메일,반품/교환,25.0,완료,N,AG08
ECON00724,CUST00261,2025-10-30,채팅,반품/교환,6.0,완료,N,AG18
ECON00725,CUST00349,2024-11-21,채팅,주문/결제,33.0,완료,N,AG09
ECON00726,CUST00349,2025-07-30,이메일,이벤트/쿠폰,12.0,완료,N,AG04
ECON00727,CUST00349,2025-01-11,전화,주문/결제,18.0,완료,N,AG11
ECON00728,CUST00281,2024-11-17,앱,주문/결제,17.0,재문의,Y,AG10
ECON00729,CUST00281,2025-04-11,앱,상품문의,35.0,완료,N,AG18
ECON00730,CUST00254,2024-06-28,채팅,반품/교환,11.0,완료,N,AG19
ECON00731,CUST00254,2024-03-06,채팅,이벤트/쿠폰,3.0,완료,N,AG04
ECON00732,CUST00254,2024-08-30,앱,배송문의,37.0,완료,N,AG01
ECON00733,CUST00254,2024-09-29,이메일,배송문의,36.0,완료,N,AG19
ECON00734,CUST00254,2024-01-10,앱,회원/계정,22.0,완료,N,AG01
ECON00735,CUST00096,2024-08-17,전화,반품/교환,22.0,완료,N,AG11
ECON00736,CUST00096,2025-11-22,이메일,회원/계정,1.0,미해결,N,AG14
ECON00737,CUST00079,2024-10-03,이메일,반품/교환,32.0,완료,Y,AG01
ECON00738,CUST00079,2024-02-25,이메일,주문/결제,14.0,미해결,N,AG05
ECON00739,CUST00079,2025-01-02,앱,반품/교환,20.0,미해결,N,AG05
ECON00740,CUST00079,2024-06-01,전화,주문/결제,11.0,완료,N,AG04
ECON00741,CUST00079,2025-07-27,이메일,이벤트/쿠폰,28.0,완료,N,AG08
ECON00742,CUST00284,2025-03-08,전화,주문/결제,33.0,완료,N,AG03
ECON00743,CUST00284,2025-05-03,이메일,반품/교환,18.0,완료,Y,AG02
ECON00744,CUST00284,2025-04-08,채팅,배송문의,22.0,미해결,N,AG03
ECON00745,CUST00284,2024-09-23,앱,배송문의,13.0,완료,Y,AG10
ECON00746,CUST00284,2024-03-16,이메일,주문/결제,25.0,완료,N,AG14
ECON00747,CUST00394,2025-12-24,채팅,이벤트/쿠폰,2.0,완료,N,AG06
ECON00748,CUST00394,2025-10-02,앱,이벤트/쿠폰,1.0,재문의,Y,AG02
ECON00749,CUST00339,2024-04-14,채팅,이벤트/쿠폰,15.0,완료,N,AG07
ECON00750,CUST00339,2025-03-19,이메일,배송문의,9.0,완료,N,AG08
ECON00751,CUST00339,2025-11-08,채팅,상품문의,3.0,완료,N,AG12
ECON00752,CUST00339,2024-12-09,앱,주문/결제,1.0,완료,N,AG14
ECON00753,CUST00339,2024-03-11,전화,배송문의,20.0,완료,N,AG04
ECON00754,CUST00339,2025-01-26,이메일,반품/교환,7.0,완료,N,AG16
ECON00755,CUST00207,2024-03-05,이메일,주문/결제,5.0,미해결,N,AG05
ECON00756,CUST00207,2025-11-06,채팅,이벤트/쿠폰,36.0,완료,N,AG03
ECON00757,CUST00048,2024-04-25,채팅,배송문의,8.0,재문의,Y,AG09
ECON00758,CUST00048,2024-12-22,앱,상품문의,26.0,완료,N,AG15
ECON00759,CUST00048,2025-03-24,채팅,배송문의,20.0,완료,N,AG08
ECON00760,CUST00367,2025-10-20,전화,상품문의,3.0,완료,N,AG05
ECON00761,CUST00367,2025-09-22,전화,반품/교환,37.0,재문의,Y,AG11
ECON00762,CUST00367,2025-12-21,이메일,회원/계정,29.0,재문의,Y,AG19
ECON00763,CUST00074,2025-08-25,채팅,상품문의,27.0,완료,N,AG12
ECON00764,CUST00074,2025-08-14,채팅,이벤트/쿠폰,10.0,완료,N,AG17
ECON00765,CUST00074,2024-12-07,채팅,배송문의,20.0,완료,N,AG15
ECON00766,CUST00210,2024-09-11,이메일,이벤트/쿠폰,11.0,완료,N,AG02
ECON00767,CUST00210,2024-09-19,채팅,회원/계정,17.0,완료,N,AG10
ECON00768,CUST00210,2025-04-10,앱,회원/계정,24.0,완료,N,AG14
ECON00769,CUST00210,2025-11-01,앱,회원/계정,14.0,완료,Y,AG18
ECON00770,CUST00044,2024-03-03,이메일,배송문의,16.0,완료,N,AG10
ECON00771,CUST00044,2024-08-22,이메일,배송문의,27.0,완료,N,AG06
ECON00772,CUST00362,2024-10-03,전화,회원/계정,5.0,재문의,Y,AG11
ECON00773,CUST00362,2025-03-06,이메일,반품/교환,16.0,재문의,Y,AG11
ECON00774,CUST00051,2024-06-06,채팅,회원/계정,6.0,미해결,N,AG08
ECON00775,CUST00051,2024-12-05,채팅,배송문의,16.0,완료,N,AG12
ECON00776,CUST00051,2025-06-05,앱,상품문의,19.0,완료,N,AG09
ECON00777,CUST00051,2024-01-21,채팅,상품문의,29.0,완료,N,AG04
ECON00778,CUST00105,2025-11-26,채팅,주문/결제,1.0,완료,N,AG20
ECON00779,CUST00105,2024-08-25,채팅,회원/계정,32.0,완료,N,AG08
ECON00780,CUST00105,2025-04-27,앱,배송문의,1.0,완료,N,AG20
ECON00781,CUST00105,2024-04-02,전화,주문/결제,8.0,완료,N,AG14
ECON00782,CUST00318,2025-01-06,채팅,배송문의,12.0,완료,N,AG14
ECON00783,CUST00318,2024-09-06,채팅,상품문의,23.0,완료,N,AG18
ECON00784,CUST00036,2025-05-05,전화,배송문의,25.0,완료,N,AG20
ECON00785,CUST00036,2025-10-01,이메일,이벤트/쿠폰,35.0,완료,N,AG04
ECON00786,CUST00036,2024-09-23,이메일,배송문의,11.0,재문의,Y,AG07
ECON00787,CUST00036,2025-12-10,전화,배송문의,7.0,완료,Y,AG14
ECON00788,CUST00253,2025-06-03,앱,이벤트/쿠폰,14.0,완료,N,AG04
ECON00789,CUST00253,2025-06-06,전화,반품/교환,11.0,완료,N,AG08
ECON00790,CUST00290,2025-06-29,앱,반품/교환,28.0,완료,N,AG12
ECON00791,CUST00290,2024-11-15,앱,주문/결제,12.0,완료,N,AG11
ECON00792,CUST00290,2025-01-02,앱,주문/결제,15.0,완료,N,AG07
ECON00793,CUST00290,2025-10-21,앱,주문/결제,6.0,완료,N,AG06
ECON00794,CUST00290,2025-08-08,전화,배송문의,14.0,재문의,Y,AG11
ECON00795,CUST00186,2025-11-29,전화,상품문의,20.0,완료,N,AG18
ECON00796,CUST00186,2024-06-26,채팅,회원/계정,7.0,완료,N,AG17
ECON00797,CUST00186,2024-05-19,채팅,회원/계정,19.0,완료,N,AG18
ECON00798,CUST00034,2025-09-23,앱,반품/교환,11.0,완료,N,AG20
ECON00799,CUST00056,2025-08-08,이메일,회원/계정,31.0,재문의,Y,AG19
ECON00800,CUST00056,2024-05-09,앱,상품문의,17.0,재문의,Y,AG06
ECON00801,CUST00056,2024-03-01,전화,배송문의,23.0,완료,Y,AG17
ECON00802,CUST00263,2025-03-09,전화,배송문의,23.0,완료,N,AG03
ECON00803,CUST00263,2025-03-01,이메일,이벤트/쿠폰,9.0,재문의,Y,AG06
ECON00804,CUST00263,2024-04-13,앱,이벤트/쿠폰,1.0,완료,N,AG03
ECON00805,CUST00095,2024-03-14,전화,배송문의,6.0,완료,N,AG09
ECON00806,CUST00095,2024-11-03,전화,주문/결제,37.0,미해결,N,AG09
ECON00807,CUST00057,2024-11-11,채팅,반품/교환,3.0,완료,N,AG18
ECON00808,CUST00057,2025-06-16,채팅,상품문의,26.0,완료,N,AG15
ECON00809,CUST00057,2025-12-10,채팅,반품/교환,10.0,완료,N,AG17
ECON00810,CUST00333,2024-09-10,앱,상품문의,2.0,완료,N,AG15
ECON00811,CUST00333,2025-01-12,앱,이벤트/쿠폰,18.0,완료,N,AG12
ECON00812,CUST00333,2025-02-14,앱,상품문의,27.0,완료,N,AG13
ECON00813,CUST00386,2025-03-11,이메일,이벤트/쿠폰,8.0,미해결,N,AG08
ECON00814,CUST00386,2024-12-27,전화,반품/교환,10.0,완료,N,AG16
ECON00815,CUST00386,2024-10-15,채팅,반품/교환,16.0,완료,Y,AG10
ECON00816,CUST00386,2024-09-17,채팅,이벤트/쿠폰,20.0,재문의,Y,AG19
ECON00817,CUST00386,2025-10-03,채팅,반품/교환,25.0,재문의,Y,AG04
ECON00818,CUST00091,2025-06-16,이메일,회원/계정,26.0,재문의,Y,AG14
ECON00819,CUST00091,2024-10-07,채팅,상품문의,6.0,재문의,Y,AG05
ECON00820,CUST00091,2025-02-16,이메일,상품문의,10.0,완료,N,AG19
ECON00821,CUST00091,2024-10-08,채팅,상품문의,24.0,완료,N,AG04
ECON00822,CUST00091,2024-04-14,채팅,상품문의,1.0,미해결,N,AG19
ECON00823,CUST00091,2024-07-10,채팅,반품/교환,23.0,완료,N,AG19
ECON00824,CUST00211,2024-04-16,전화,회원/계정,6.0,완료,N,AG09
ECON00825,CUST00211,2025-07-17,전화,배송문의,31.0,재문의,Y,AG02
ECON00826,CUST00211,2024-07-21,전화,반품/교환,9.0,완료,N,AG16
ECON00827,CUST00211,2024-07-05,앱,상품문의,8.0,완료,N,AG14
ECON00828,CUST00189,2024-04-26,전화,배송문의,12.0,재문의,Y,AG04
ECON00829,CUST00189,2025-04-08,전화,주문/결제,8.0,완료,Y,AG13
ECON00830,CUST00189,2025-02-25,이메일,주문/결제,12.0,완료,Y,AG17
ECON00831,CUST00189,2025-03-27,이메일,반품/교환,7.0,완료,N,AG14
ECON00832,CUST00189,2024-08-04,채팅,상품문의,35.0,완료,N,AG18
ECON00833,CUST00100,2025-01-12,이메일,배송문의,0.0,재문의,Y,AG16
ECON00834,CUST00100,2025-10-09,채팅,상품문의,30.0,완료,N,AG14
ECON00835,CUST00100,2025-10-12,채팅,주문/결제,24.0,완료,N,AG10
ECON00836,CUST00366,2024-10-02,앱,이벤트/쿠폰,22.0,완료,N,AG05
ECON00837,CUST00366,2024-10-15,앱,배송문의,29.0,완료,N,AG18
ECON00838,CUST00366,2025-09-08,전화,배송문의,27.0,재문의,Y,AG03
ECON00839,CUST00341,2025-12-31,앱,회원/계정,7.0,완료,N,AG17
ECON00840,CUST00341,2025-12-30,전화,배송문의,19.0,완료,N,AG15
ECON00841,CUST00341,2025-12-19,채팅,상품문의,36.0,완료,N,AG13
ECON00842,CUST00341,2025-12-19,앱,배송문의,22.0,완료,N,AG09
ECON00843,CUST00341,2025-12-13,이메일,이벤트/쿠폰,10.0,완료,N,AG17
ECON00844,CUST00342,2024-06-24,앱,주문/결제,5.0,완료,Y,AG03
ECON00845,CUST00342,2024-02-04,앱,이벤트/쿠폰,16.0,완료,N,AG04
ECON00846,CUST00342,2024-04-21,전화,상품문의,13.0,완료,N,AG03
ECON00847,CUST00388,2025-05-08,전화,이벤트/쿠폰,7.0,완료,N,AG05
ECON00848,CUST00388,2025-06-12,이메일,상품문의,9.0,재문의,Y,AG08
ECON00849,CUST00388,2025-06-24,전화,이벤트/쿠폰,27.0,재문의,Y,AG04
ECON00850,CUST00388,2025-10-20,이메일,반품/교환,22.0,미해결,N,AG04
ECON00851,CUST00143,2025-01-07,채팅,이벤트/쿠폰,31.0,완료,N,AG16
ECON00852,CUST00143,2024-12-21,이메일,배송문의,10.0,완료,N,AG10
ECON00853,CUST00143,2025-01-23,전화,배송문의,30.0,완료,N,AG08
ECON00854,CUST00143,2024-12-31,앱,회원/계정,11.0,완료,N,AG17
ECON00855,CUST00247,2024-09-03,이메일,반품/교환,35.0,미해결,N,AG07
ECON00856,CUST00247,2024-05-18,채팅,이벤트/쿠폰,1.0,미해결,N,AG06
ECON00857,CUST00247,2025-01-04,채팅,상품문의,17.0,완료,N,AG04
ECON00858,CUST00043,2024-11-03,전화,주문/결제,18.0,완료,N,AG14
ECON00859,CUST00043,2024-02-14,이메일,상품문의,25.0,재문의,Y,AG07
ECON00860,CUST00043,2025-01-18,앱,상품문의,24.0,완료,N,AG13
ECON00861,CUST00043,2024-07-11,채팅,이벤트/쿠폰,29.0,완료,N,AG15
ECON00862,CUST00043,2024-02-07,채팅,회원/계정,27.0,재문의,Y,AG18
ECON00863,CUST00043,2024-06-25,앱,상품문의,18.0,재문의,Y,AG10
ECON00864,CUST00043,2025-09-07,채팅,이벤트/쿠폰,25.0,완료,N,AG05
ECON00865,CUST00043,2025-08-04,이메일,반품/교환,32.0,완료,N,AG05
ECON00866,CUST00101,2024-12-02,앱,반품/교환,3.0,미해결,N,AG01
ECON00867,CUST00101,2025-03-21,이메일,배송문의,16.0,완료,N,AG01
ECON00868,CUST00101,2024-04-06,채팅,상품문의,9.0,미해결,Y,AG04
ECON00869,CUST00218,2025-04-18,전화,주문/결제,17.0,완료,N,AG02
ECON00870,CUST00218,2025-01-16,전화,배송문의,28.0,완료,N,AG19
ECON00871,CUST00291,2025-07-16,이메일,주문/결제,33.0,완료,N,AG12
ECON00872,CUST00291,2025-02-12,전화,회원/계정,36.0,완료,N,AG11
ECON00873,CUST00291,2025-09-05,채팅,반품/교환,21.0,완료,N,AG17
ECON00874,CUST00291,2025-01-15,전화,반품/교환,9.0,완료,N,AG09
ECON00875,CUST00309,2025-11-09,이메일,이벤트/쿠폰,16.0,완료,N,AG19
ECON00876,CUST00360,2025-10-14,전화,주문/결제,27.0,완료,N,AG05
ECON00877,CUST00360,2024-08-20,이메일,회원/계정,12.0,완료,N,AG15
ECON00878,CUST00360,2025-05-26,채팅,배송문의,6.0,재문의,Y,AG03
ECON00879,CUST00108,2024-03-11,전화,상품문의,28.0,완료,N,AG03
ECON00880,CUST00108,2025-03-01,채팅,배송문의,22.0,완료,N,AG10
ECON00881,CUST00108,2025-10-09,이메일,배송문의,24.0,완료,N,AG11
ECON00882,CUST00108,2024-02-10,이메일,주문/결제,8.0,완료,N,AG01
ECON00883,CUST00193,2025-03-09,이메일,회원/계정,18.0,재문의,Y,AG12
ECON00884,CUST00193,2024-04-11,앱,배송문의,35.0,완료,N,AG14
ECON00885,CUST00193,2025-09-27,이메일,이벤트/쿠폰,19.0,미해결,N,AG04
ECON00886,CUST00193,2025-02-18,이메일,회원/계정,16.0,완료,N,AG01
ECON00887,CUST00370,2024-10-29,이메일,반품/교환,2.0,완료,N,AG20
ECON00888,CUST00370,2025-04-12,전화,상품문의,33.0,완료,N,AG19
ECON00889,CUST00370,2025-10-25,앱,회원/계정,28.0,완료,N,AG11
ECON00890,CUST00370,2025-05-13,이메일,이벤트/쿠폰,30.0,완료,N,AG14
ECON00891,CUST00304,2025-08-17,이메일,반품/교환,23.0,미해결,N,AG10
ECON00892,CUST00304,2025-11-13,앱,회원/계정,32.0,완료,Y,AG08
ECON00893,CUST00272,2024-02-01,채팅,반품/교환,9.0,미해결,N,AG08
ECON00894,CUST00272,2025-12-22,앱,이벤트/쿠폰,22.0,완료,N,AG04
ECON00895,CUST00272,2024-09-10,이메일,반품/교환,6.0,완료,N,AG18
ECON00896,CUST00272,2024-10-22,전화,이벤트/쿠폰,10.0,미해결,N,AG04
ECON00897,CUST00097,2025-02-10,전화,반품/교환,12.0,재문의,Y,AG05
ECON00898,CUST00097,2025-01-23,앱,이벤트/쿠폰,26.0,완료,N,AG04
ECON00899,CUST00097,2025-04-15,채팅,상품문의,30.0,완료,N,AG07
ECON00900,CUST00097,2024-06-06,채팅,배송문의,2.0,재문의,Y,AG09
ECON00901,CUST00097,2024-04-09,채팅,상품문의,23.0,재문의,Y,AG11
ECON00902,CUST00006,2024-05-12,앱,회원/계정,25.0,미해결,N,AG19
ECON00903,CUST00006,2025-04-03,앱,이벤트/쿠폰,20.0,완료,N,AG12
ECON00904,CUST00006,2024-06-04,전화,회원/계정,32.0,완료,N,AG10
ECON00905,CUST00006,2024-01-07,전화,회원/계정,10.0,완료,N,AG15
ECON00906,CUST00006,2025-07-07,전화,배송문의,13.0,완료,N,AG06
ECON00907,CUST00006,2024-07-31,전화,배송문의,34.0,완료,N,AG05
ECON00908,CUST00025,2025-02-23,전화,배송문의,15.0,완료,N,AG19
ECON00909,CUST00025,2025-03-22,이메일,이벤트/쿠폰,13.0,완료,N,AG13
ECON00910,CUST00025,2024-03-09,앱,반품/교환,27.0,완료,N,AG11
ECON00911,CUST00025,2025-03-31,이메일,반품/교환,14.0,완료,N,AG04
ECON00912,CUST00080,2025-04-05,이메일,상품문의,9.0,완료,N,AG04
ECON00913,CUST00080,2024-08-25,채팅,이벤트/쿠폰,16.0,완료,N,AG16
ECON00914,CUST00080,2025-01-26,앱,상품문의,24.0,재문의,Y,AG18
ECON00915,CUST00080,2025-10-13,전화,상품문의,24.0,완료,N,AG17
ECON00916,CUST00080,2024-05-11,이메일,상품문의,11.0,완료,N,AG19
ECON00917,CUST00080,2025-05-04,채팅,주문/결제,34.0,완료,N,AG01
ECON00918,CUST00085,2024-01-26,이메일,반품/교환,32.0,완료,N,AG14
ECON00919,CUST00085,2024-01-21,이메일,회원/계정,7.0,완료,N,AG03
ECON00920,CUST00085,2024-04-01,채팅,반품/교환,14.0,완료,N,AG19
ECON00921,CUST00085,2025-11-08,이메일,회원/계정,16.0,재문의,Y,AG13
ECON00922,CUST00085,2024-04-20,앱,이벤트/쿠폰,4.0,완료,N,AG14
ECON00923,CUST00085,2025-11-08,이메일,회원/계정,6.0,완료,N,AG19
ECON00924,CUST00350,2024-12-03,앱,상품문의,27.0,완료,Y,AG16
ECON00925,CUST00350,2025-07-30,전화,주문/결제,2.0,완료,N,AG03
ECON00926,CUST00350,2024-08-08,앱,상품문의,33.0,완료,N,AG03
ECON00927,CUST00219,2025-11-14,전화,상품문의,6.0,완료,N,AG10
ECON00928,CUST00219,2025-01-05,앱,회원/계정,16.0,완료,N,AG03
ECON00929,CUST00219,2025-05-13,이메일,회원/계정,27.0,완료,N,AG08
ECON00930,CUST00219,2024-09-30,채팅,주문/결제,30.0,완료,N,AG12
ECON00931,CUST00149,2024-05-17,이메일,이벤트/쿠폰,2.0,완료,N,AG12
ECON00932,CUST00149,2025-11-19,채팅,회원/계정,30.0,완료,N,AG13
ECON00933,CUST00149,2024-08-24,앱,배송문의,0.0,완료,N,AG14
ECON00934,CUST00149,2025-10-09,앱,상품문의,9.0,완료,N,AG10
ECON00935,CUST00183,2025-07-28,앱,회원/계정,36.0,재문의,Y,AG13
ECON00936,CUST00183,2024-03-25,전화,이벤트/쿠폰,32.0,미해결,Y,AG18
ECON00937,CUST00183,2025-12-10,앱,상품문의,8.0,완료,N,AG18
ECON00938,CUST00183,2025-09-04,이메일,배송문의,17.0,재문의,Y,AG07
ECON00939,CUST00373,2024-11-30,전화,회원/계정,10.0,완료,N,AG05
ECON00940,CUST00373,2025-10-13,채팅,반품/교환,20.0,재문의,Y,AG20
ECON00941,CUST00373,2024-07-07,채팅,반품/교환,15.0,완료,Y,AG10
ECON00942,CUST00373,2024-12-22,채팅,이벤트/쿠폰,5.0,미해결,N,AG10
ECON00943,CUST00373,2024-04-29,채팅,배송문의,11.0,완료,N,AG14
ECON00944,CUST00373,2024-10-03,이메일,반품/교환,28.0,완료,N,AG18
ECON00945,CUST00041,2024-01-14,채팅,반품/교환,29.0,완료,N,AG09
ECON00946,CUST00041,2024-12-16,앱,반품/교환,1.0,완료,N,AG09
ECON00947,CUST00159,2024-02-05,전화,회원/계정,14.0,완료,N,AG06
ECON00948,CUST00159,2024-04-19,이메일,상품문의,11.0,완료,N,AG02
ECON00949,CUST00159,2024-03-28,앱,이벤트/쿠폰,7.0,완료,N,AG05
ECON00950,CUST00159,2024-03-03,전화,주문/결제,34.0,재문의,Y,AG08
ECON00951,CUST00159,2024-01-09,채팅,주문/결제,20.0,완료,N,AG12
ECON00952,CUST00368,2024-12-18,채팅,상품문의,19.0,완료,N,AG02
ECON00953,CUST00368,2025-11-18,전화,반품/교환,13.0,완료,N,AG17
ECON00954,CUST00368,2025-08-16,전화,이벤트/쿠폰,23.0,재문의,Y,AG13
ECON00955,CUST00368,2025-01-22,앱,상품문의,3.0,완료,N,AG13
ECON00956,CUST00231,2024-07-31,앱,배송문의,36.0,미해결,N,AG07
ECON00957,CUST00231,2024-07-22,전화,회원/계정,31.0,완료,N,AG08
ECON00958,CUST00237,2024-07-18,앱,반품/교환,25.0,완료,N,AG18
ECON00959,CUST00237,2024-03-31,이메일,상품문의,17.0,완료,N,AG10
ECON00960,CUST00237,2025-08-27,채팅,상품문의,7.0,재문의,Y,AG07
ECON00961,CUST00187,2024-12-18,이메일,주문/결제,36.0,완료,N,AG03
ECON00962,CUST00187,2025-06-25,전화,이벤트/쿠폰,5.0,완료,N,AG16
ECON00963,CUST00187,2025-03-25,앱,반품/교환,34.0,미해결,N,AG19
ECON00964,CUST00115,2024-05-19,채팅,회원/계정,32.0,완료,N,AG01
ECON00965,CUST00115,2025-10-13,앱,주문/결제,18.0,완료,N,AG01
ECON00966,CUST00115,2025-03-21,전화,이벤트/쿠폰,37.0,완료,N,AG19
ECON00967,CUST00327,2024-02-13,채팅,상품문의,29.0,완료,N,AG17
ECON00968,CUST00327,2025-02-17,채팅,이벤트/쿠폰,32.0,재문의,Y,AG14
ECON00969,CUST00327,2024-10-11,채팅,배송문의,17.0,완료,N,AG19
ECON00970,CUST00327,2024-04-10,채팅,이벤트/쿠폰,8.0,재문의,Y,AG01
ECON00971,CUST00324,2024-08-21,이메일,주문/결제,1.0,완료,N,AG16
ECON00972,CUST00324,2025-11-03,채팅,상품문의,11.0,완료,N,AG07
ECON00973,CUST00324,2024-05-26,이메일,상품문의,6.0,완료,N,AG07
ECON00974,CUST00324,2024-12-08,전화,회원/계정,8.0,미해결,N,AG11
ECON00975,CUST00363,2025-10-25,채팅,회원/계정,24.0,완료,N,AG19
ECON00976,CUST00363,2024-01-08,이메일,이벤트/쿠폰,2.0,완료,N,AG14
ECON00977,CUST00363,2024-03-09,앱,이벤트/쿠폰,14.0,완료,N,AG12
ECON00978,CUST00363,2024-10-31,전화,상품문의,1.0,미해결,N,AG13
ECON00979,CUST00026,2024-05-02,채팅,이벤트/쿠폰,1.0,완료,N,AG10
ECON00980,CUST00026,2025-04-21,전화,주문/결제,31.0,완료,N,AG09
ECON00981,CUST00026,2025-12-15,이메일,상품문의,14.0,재문의,Y,AG08
ECON00982,CUST00136,2024-07-09,앱,배송문의,13.0,재문의,Y,AG15
ECON00983,CUST00136,2024-05-28,이메일,회원/계정,8.0,미해결,N,AG15
ECON00984,CUST00136,2025-11-12,채팅,배송문의,26.0,완료,Y,AG14
ECON00985,CUST00136,2024-09-12,전화,이벤트/쿠폰,8.0,완료,N,AG19
ECON00986,CUST00271,2025-09-18,채팅,회원/계정,27.0,재문의,Y,AG11
ECON00987,CUST00271,2024-03-07,전화,배송문의,9.0,완료,N,AG06
ECON00988,CUST00271,2025-10-15,전화,상품문의,5.0,완료,N,AG06
ECON00989,CUST00271,2024-11-09,채팅,이벤트/쿠폰,10.0,완료,N,AG09
ECON00990,CUST00390,2025-08-17,채팅,반품/교환,10.0,재문의,Y,AG15
ECON00991,CUST00390,2025-06-18,채팅,이벤트/쿠폰,7.0,미해결,N,AG07
ECON00992,CUST00390,2025-10-27,이메일,반품/교환,15.0,완료,N,AG13
ECON00993,CUST00151,2025-06-07,앱,주문/결제,36.0,완료,N,AG07
ECON00994,CUST00151,2025-07-19,채팅,주문/결제,33.0,미해결,N,AG15
ECON00995,CUST00151,2025-08-05,채팅,주문/결제,7.0,완료,N,AG18
ECON00996,CUST00151,2025-07-04,이메일,주문/결제,3.0,완료,N,AG07
ECON00997,CUST00049,2024-04-21,이메일,반품/교환,22.0,재문의,Y,AG10
ECON00998,CUST00049,2024-10-13,전화,회원/계정,28.0,재문의,Y,AG19
ECON00999,CUST00049,2025-10-31,전화,배송문의,6.0,완료,N,AG17
ECON01000,CUST00049,2024-03-21,이메일,주문/결제,9.0,재문의,Y,AG18
ECON01001,CUST00049,2024-12-15,앱,반품/교환,37.0,완료,N,AG13
ECON01002,CUST00351,2025-07-20,전화,회원/계정,7.0,완료,N,AG20
ECON01003,CUST00351,2025-10-20,앱,반품/교환,10.0,완료,N,AG08
ECON01004,CUST00351,2024-02-14,이메일,반품/교환,21.0,완료,N,AG11
ECON01005,CUST00298,2024-10-02,채팅,회원/계정,36.0,완료,N,AG10
ECON01006,CUST00298,2024-07-02,전화,이벤트/쿠폰,6.0,완료,N,AG17
ECON01007,CUST00202,2025-03-05,이메일,주문/결제,2.0,재문의,Y,AG03
ECON01008,CUST00202,2024-01-19,채팅,배송문의,22.0,완료,N,AG05
ECON01009,CUST00202,2024-11-07,전화,이벤트/쿠폰,25.0,완료,N,AG14
ECON01010,CUST00376,2025-10-26,앱,반품/교환,6.0,완료,N,AG15
ECON01011,CUST00376,2025-02-16,앱,상품문의,5.0,완료,N,AG08
ECON01012,CUST00376,2025-02-17,전화,이벤트/쿠폰,12.0,완료,N,AG04
ECON01013,CUST00295,2025-10-04,전화,이벤트/쿠폰,9.0,완료,N,AG11
ECON01014,CUST00295,2024-11-25,전화,이벤트/쿠폰,4.0,재문의,Y,AG06
ECON01015,CUST00295,2025-12-23,이메일,반품/교환,12.0,미해결,N,AG09
ECON01016,CUST00295,2025-12-10,앱,반품/교환,24.0,완료,N,AG15
ECON01017,CUST00379,2025-04-29,전화,반품/교환,11.0,완료,N,AG04
ECON01018,CUST00379,2024-12-01,앱,회원/계정,26.0,재문의,Y,AG13
ECON01019,CUST00117,2025-07-21,앱,상품문의,10.0,완료,N,AG10
ECON01020,CUST00117,2025-10-05,채팅,회원/계정,36.0,완료,Y,AG17
ECON01021,CUST00117,2024-10-16,채팅,상품문의,34.0,완료,N,AG05
ECON01022,CUST00180,2024-07-12,채팅,회원/계정,16.0,완료,N,AG01
ECON01023,CUST00180,2024-07-06,전화,회원/계정,9.0,완료,N,AG05
ECON01024,CUST00144,2024-06-01,이메일,상품문의,30.0,완료,Y,AG08
ECON01025,CUST00256,2025-07-22,이메일,배송문의,13.0,완료,N,AG20
ECON01026,CUST00256,2025-03-26,앱,회원/계정,0.0,완료,N,AG16
ECON01027,CUST00256,2025-05-17,채팅,배송문의,12.0,재문의,Y,AG13
ECON01028,CUST00256,2025-02-14,전화,회원/계정,18.0,완료,N,AG16
ECON01029,CUST00256,2024-09-16,이메일,반품/교환,9.0,완료,N,AG03
ECON01030,CUST00256,2025-03-23,이메일,이벤트/쿠폰,11.0,미해결,N,AG12
ECON01031,CUST00319,2025-12-15,전화,상품문의,5.0,재문의,Y,AG12
ECON01032,CUST00226,2025-12-30,이메일,회원/계정,31.0,완료,N,AG08
ECON01033,CUST00226,2024-09-03,전화,상품문의,10.0,완료,Y,AG17
ECON01034,CUST00226,2025-03-04,이메일,이벤트/쿠폰,27.0,완료,N,AG19
ECON01035,CUST00226,2025-12-06,채팅,상품문의,17.0,완료,N,AG13
ECON01036,CUST00133,2025-09-30,전화,회원/계정,30.0,완료,N,AG06
ECON01037,CUST00133,2024-08-31,전화,반품/교환,0.0,완료,N,AG12
ECON01038,CUST00133,2025-02-07,전화,반품/교환,12.0,완료,N,AG10
ECON01039,CUST00133,2024-06-01,전화,이벤트/쿠폰,31.0,완료,N,AG15
ECON01040,CUST00133,2025-07-16,앱,주문/결제,35.0,미해결,N,AG12
ECON01041,CUST00275,2025-01-12,앱,반품/교환,9.0,미해결,Y,AG18
ECON01042,CUST00275,2025-02-06,앱,배송문의,21.0,완료,N,AG13
ECON01043,CUST00275,2025-12-17,전화,반품/교환,15.0,완료,N,AG09
ECON01044,CUST00275,2024-10-02,전화,주문/결제,20.0,완료,N,AG15
ECON01045,CUST00391,2024-03-14,앱,반품/교환,4.0,완료,N,AG15
ECON01046,CUST00391,2025-04-05,채팅,회원/계정,20.0,재문의,Y,AG09
ECON01047,CUST00391,2025-06-14,이메일,회원/계정,29.0,완료,N,AG20
ECON01048,CUST00391,2025-07-26,채팅,배송문의,32.0,완료,Y,AG18
ECON01049,CUST00391,2025-08-11,이메일,반품/교환,7.0,완료,N,AG19
ECON01050,CUST00391,2024-10-30,전화,회원/계정,3.0,완료,N,AG05
ECON01051,CUST00330,2024-02-02,채팅,회원/계정,0.0,완료,N,AG20
ECON01052,CUST00330,2024-08-04,전화,배송문의,16.0,완료,N,AG19
ECON01053,CUST00330,2024-01-28,채팅,배송문의,24.0,미해결,N,AG08
ECON01054,CUST00330,2024-02-27,전화,반품/교환,16.0,완료,N,AG06
ECON01055,CUST00330,2024-07-22,채팅,반품/교환,14.0,완료,N,AG18
ECON01056,CUST00165,2025-04-08,이메일,배송문의,3.0,완료,N,AG12
ECON01057,CUST00165,2024-05-11,이메일,상품문의,36.0,완료,N,AG05
ECON01058,CUST00165,2025-09-16,이메일,주문/결제,34.0,재문의,Y,AG10
ECON01059,CUST00165,2025-07-17,채팅,반품/교환,14.0,완료,N,AG08
ECON01060,CUST00165,2024-09-10,이메일,이벤트/쿠폰,35.0,완료,N,AG05
ECON01061,CUST00321,2024-04-14,앱,배송문의,3.0,완료,N,AG06
ECON01062,CUST00321,2024-08-24,이메일,배송문의,15.0,완료,N,AG17
ECON01063,CUST00321,2024-08-09,채팅,주문/결제,28.0,완료,N,AG11
ECON01064,CUST00321,2024-04-17,채팅,이벤트/쿠폰,34.0,완료,N,AG01
ECON01065,CUST00321,2024-05-07,전화,배송문의,25.0,미해결,Y,AG04
ECON01066,CUST00242,2025-06-20,이메일,반품/교환,37.0,재문의,Y,AG01
ECON01067,CUST00242,2025-10-12,이메일,주문/결제,22.0,완료,N,AG15
ECON01068,CUST00242,2024-11-16,이메일,배송문의,11.0,완료,N,AG01
ECON01069,CUST00242,2024-03-10,전화,상품문의,30.0,재문의,Y,AG01
ECON01070,CUST00242,2025-06-20,전화,회원/계정,18.0,완료,N,AG03
ECON01071,CUST00242,2024-05-03,이메일,배송문의,32.0,완료,N,AG17
ECON01072,CUST00242,2024-08-28,채팅,배송문의,25.0,완료,N,AG17
ECON01073,CUST00148,2025-02-28,채팅,이벤트/쿠폰,29.0,완료,N,AG01
ECON01074,CUST00148,2024-03-25,채팅,주문/결제,6.0,완료,N,AG13
ECON01075,CUST00148,2024-03-02,채팅,이벤트/쿠폰,37.0,완료,N,AG10
ECON01076,CUST00148,2025-06-16,채팅,반품/교환,36.0,완료,N,AG15
ECON01077,CUST00240,2024-11-12,앱,회원/계정,14.0,완료,N,AG19
ECON01078,CUST00240,2025-01-29,전화,배송문의,12.0,완료,N,AG02
ECON01079,CUST00240,2024-03-30,전화,주문/결제,1.0,완료,N,AG20
ECON01080,CUST00120,2025-05-17,이메일,상품문의,9.0,완료,N,AG11
ECON01081,CUST00102,2024-06-25,이메일,배송문의,32.0,완료,N,AG08
ECON01082,CUST00306,2025-05-08,앱,회원/계정,0.0,완료,N,AG05
ECON01083,CUST00084,2025-11-04,전화,주문/결제,18.0,완료,Y,AG09
ECON01084,CUST00084,2025-01-09,채팅,상품문의,0.0,완료,N,AG08
ECON01085,CUST00084,2024-11-28,앱,반품/교환,12.0,완료,N,AG17
ECON01086,CUST00084,2024-11-12,이메일,회원/계정,0.0,완료,N,AG16
ECON01087,CUST00084,2025-04-13,이메일,주문/결제,5.0,완료,N,AG18
ECON01088,CUST00084,2024-04-30,채팅,이벤트/쿠폰,20.0,완료,N,AG20
ECON01089,CUST00084,2025-09-27,전화,회원/계정,1.0,재문의,Y,AG19
ECON01090,CUST00084,2024-10-31,전화,주문/결제,16.0,완료,N,AG19
ECON01091,CUST00058,2025-01-25,채팅,반품/교환,15.0,완료,N,AG14
ECON01092,CUST00058,2024-08-27,이메일,배송문의,16.0,완료,N,AG06
ECON01093,CUST00058,2024-05-19,채팅,회원/계정,24.0,재문의,Y,AG05
ECON01094,CUST00058,2025-06-21,채팅,상품문의,20.0,재문의,Y,AG06
ECON01095,CUST00058,2024-07-30,채팅,상품문의,3.0,완료,N,AG11
ECON01096,CUST00058,2025-11-02,채팅,배송문의,22.0,완료,N,AG01
ECON01097,CUST00264,2025-11-28,전화,반품/교환,9.0,재문의,Y,AG19
ECON01098,CUST00264,2025-10-13,앱,반품/교환,35.0,완료,N,AG14
ECON01099,CUST00264,2025-11-18,채팅,회원/계정,20.0,완료,N,AG02
ECON01100,CUST00150,2025-11-29,채팅,주문/결제,21.0,재문의,Y,AG15
ECON01101,CUST00150,2025-11-24,이메일,주문/결제,27.0,완료,Y,AG14
ECON01102,CUST00174,2024-11-04,이메일,회원/계정,10.0,미해결,N,AG16
ECON01103,CUST00174,2025-12-13,이메일,상품문의,13.0,미해결,Y,AG16
ECON01104,CUST00359,2024-06-16,앱,반품/교환,4.0,완료,N,AG03
ECON01105,CUST00359,2024-06-24,앱,상품문의,19.0,완료,N,AG13
ECON01106,CUST00359,2025-09-25,전화,회원/계정,21.0,완료,N,AG10
ECON01107,CUST00359,2024-06-02,앱,반품/교환,27.0,완료,N,AG01
ECON01108,CUST00171,2025-01-12,앱,상품문의,5.0,완료,N,AG19
ECON01109,CUST00171,2025-08-12,전화,회원/계정,22.0,완료,N,AG08
ECON01110,CUST00171,2024-12-08,채팅,이벤트/쿠폰,37.0,완료,N,AG10
ECON01111,CUST00171,2025-01-17,이메일,반품/교환,14.0,완료,N,AG07
ECON01112,CUST00171,2024-10-09,채팅,주문/결제,18.0,완료,N,AG18
ECON01113,CUST00171,2024-04-28,이메일,배송문의,37.0,미해결,N,AG09
ECON01114,CUST00200,2024-03-13,전화,반품/교환,18.0,완료,N,AG03
ECON01115,CUST00200,2025-05-04,채팅,상품문의,5.0,완료,N,AG07
ECON01116,CUST00200,2025-08-10,채팅,주문/결제,18.0,완료,N,AG04
ECON01117,CUST00200,2025-02-11,채팅,이벤트/쿠폰,31.0,완료,N,AG04
ECON01118,CUST00200,2024-10-25,전화,반품/교환,32.0,완료,N,AG08
ECON01119,CUST00200,2025-10-21,이메일,주문/결제,17.0,완료,N,AG18
ECON01120,CUST00200,2024-12-18,전화,반품/교환,36.0,완료,Y,AG13
ECON01121,CUST00205,2025-11-11,전화,주문/결제,9.0,완료,N,AG07
ECON01122,CUST00205,2025-12-27,전화,반품/교환,17.0,완료,N,AG06
ECON01123,CUST00205,2025-01-11,이메일,배송문의,29.0,완료,N,AG03
ECON01124,CUST00332,2024-03-26,채팅,주문/결제,27.0,완료,N,AG08
ECON01125,CUST00332,2024-02-18,전화,상품문의,36.0,완료,N,AG04
ECON01126,CUST00332,2025-12-15,채팅,이벤트/쿠폰,19.0,완료,N,AG15
ECON01127,CUST00332,2024-12-01,앱,회원/계정,3.0,완료,N,AG11
ECON01128,CUST00209,2025-10-13,전화,반품/교환,32.0,완료,N,AG16
ECON01129,CUST00209,2024-09-06,전화,주문/결제,8.0,완료,N,AG20
ECON01130,CUST00209,2024-05-17,전화,배송문의,3.0,완료,N,AG19
ECON01131,CUST00209,2024-09-27,전화,배송문의,29.0,완료,N,AG18
ECON01132,CUST00209,2025-09-15,채팅,이벤트/쿠폰,7.0,재문의,Y,AG14
ECON01133,CUST00259,2025-06-03,전화,배송문의,8.0,완료,N,AG03
ECON01134,CUST00259,2024-04-19,이메일,이벤트/쿠폰,15.0,완료,N,AG02
ECON01135,CUST00259,2025-08-17,전화,이벤트/쿠폰,17.0,미해결,Y,AG14
ECON01136,CUST00259,2025-04-19,이메일,주문/결제,2.0,완료,N,AG19
ECON01137,CUST00152,2024-01-03,앱,반품/교환,20.0,재문의,Y,AG16
ECON01138,CUST00201,2025-06-15,전화,반품/교환,4.0,미해결,N,AG01
ECON01139,CUST00201,2025-08-21,이메일,상품문의,9.0,재문의,Y,AG11
ECON01140,CUST00201,2024-11-08,앱,회원/계정,35.0,완료,N,AG03
ECON01141,CUST00201,2025-10-15,전화,배송문의,32.0,완료,N,AG11
ECON01142,CUST00140,2024-03-17,앱,주문/결제,29.0,완료,N,AG19
ECON01143,CUST00140,2024-07-20,채팅,이벤트/쿠폰,9.0,완료,Y,AG19
ECON01144,CUST00140,2024-05-05,이메일,상품문의,1.0,미해결,N,AG02
ECON01145,CUST00374,2024-02-29,이메일,상품문의,0.0,완료,N,AG07
ECON01146,CUST00374,2024-01-12,이메일,반품/교환,34.0,완료,N,AG03
ECON01147,CUST00374,2024-02-20,이메일,이벤트/쿠폰,4.0,완료,N,AG02
ECON01148,CUST00310,2024-01-19,전화,반품/교환,5.0,완료,N,AG18
ECON01149,CUST00310,2024-06-17,전화,반품/교환,17.0,완료,N,AG11
ECON01150,CUST00310,2025-11-21,앱,배송문의,4.0,완료,N,AG20
ECON01151,CUST00310,2025-03-27,전화,이벤트/쿠폰,21.0,재문의,Y,AG06
ECON01152,CUST00310,2024-12-05,이메일,회원/계정,2.0,미해결,N,AG07
ECON01153,CUST00203,2024-05-25,전화,이벤트/쿠폰,20.0,재문의,Y,AG12
ECON01154,CUST00203,2025-05-18,앱,회원/계정,34.0,미해결,N,AG18
ECON01155,CUST00203,2024-05-26,앱,반품/교환,25.0,완료,N,AG15
ECON01156,CUST00203,2025-07-31,이메일,반품/교환,26.0,완료,N,AG06
ECON01157,CUST00031,2025-01-23,앱,상품문의,36.0,완료,N,AG10
ECON01158,CUST00031,2024-04-18,이메일,주문/결제,32.0,완료,N,AG02
ECON01159,CUST00031,2025-12-21,이메일,상품문의,30.0,미해결,N,AG19
ECON01160,CUST00094,2024-07-06,이메일,주문/결제,25.0,완료,N,AG04
ECON01161,CUST00094,2025-08-04,이메일,상품문의,5.0,재문의,Y,AG18
ECON01162,CUST00094,2025-11-02,앱,상품문의,1.0,완료,N,AG03
ECON01163,CUST00094,2025-10-31,이메일,주문/결제,10.0,완료,N,AG06
ECON01164,CUST00094,2025-09-11,앱,반품/교환,31.0,미해결,N,AG08
ECON01165,CUST00395,2025-12-13,앱,상품문의,16.0,완료,N,AG15
ECON01166,CUST00395,2025-12-04,전화,회원/계정,5.0,완료,Y,AG09
ECON01167,CUST00395,2025-12-28,전화,반품/교환,1.0,완료,N,AG11
ECON01168,CUST00285,2024-10-10,채팅,배송문의,4.0,완료,N,AG18
ECON01169,CUST00285,2025-05-28,이메일,주문/결제,13.0,완료,N,AG02
ECON01170,CUST00285,2025-09-07,전화,회원/계정,35.0,재문의,Y,AG07
ECON01171,CUST00285,2025-02-02,앱,이벤트/쿠폰,14.0,미해결,N,AG12
ECON01172,CUST00285,2025-07-12,전화,이벤트/쿠폰,24.0,완료,N,AG03
ECON01173,CUST00320,2025-01-07,전화,주문/결제,21.0,완료,N,AG11
ECON01174,CUST00320,2025-07-28,채팅,주문/결제,28.0,완료,N,AG05
ECON01175,CUST00320,2024-12-28,이메일,회원/계정,29.0,완료,N,AG11
ECON01176,CUST00011,2025-12-28,채팅,반품/교환,18.0,완료,N,AG02
ECON01177,CUST00011,2025-12-28,전화,이벤트/쿠폰,35.0,완료,N,AG13
ECON01178,CUST00011,2025-12-30,채팅,회원/계정,33.0,재문의,Y,AG18
ECON01179,CUST00011,2025-12-31,앱,회원/계정,19.0,재문의,Y,AG16
ECON01180,CUST00230,2025-12-04,이메일,상품문의,2.0,완료,N,AG05
ECON01181,CUST00230,2025-11-26,채팅,반품/교환,19.0,미해결,N,AG15
ECON01182,CUST00230,2025-12-02,앱,상품문의,30.0,완료,N,AG02
ECON01183,CUST00230,2025-12-04,채팅,이벤트/쿠폰,34.0,완료,N,AG12
ECON01184,CUST00230,2025-11-26,앱,주문/결제,34.0,완료,N,AG14
ECON01185,CUST00066,2025-12-20,전화,반품/교환,33.0,완료,N,AG11
ECON01186,CUST00066,2025-12-21,앱,회원/계정,23.0,완료,N,AG14
ECON01187,CUST00066,2025-12-18,이메일,주문/결제,13.0,완료,N,AG11
ECON01188,CUST00111,2025-05-10,이메일,주문/결제,26.0,재문의,Y,AG19
ECON01189,CUST00111,2025-05-13,전화,회원/계정,18.0,완료,N,AG18
ECON01190,CUST00111,2025-08-18,앱,상품문의,35.0,완료,N,AG03
ECON01191,CUST00111,2025-02-19,전화,반품/교환,12.0,완료,N,AG09
ECON01192,CUST00113,2024-01-22,채팅,배송문의,25.0,완료,N,AG12
ECON01193,CUST00113,2025-04-11,이메일,배송문의,32.0,미해결,N,AG12
ECON01194,CUST00113,2024-10-20,앱,상품문의,5.0,완료,N,AG18
ECON01195,CUST00113,2025-05-20,전화,반품/교환,32.0,완료,N,AG10
ECON01196,CUST00113,2025-08-13,전화,배송문의,8.0,완료,N,AG18
ECON01197,CUST00113,2024-11-29,채팅,상품문의,35.0,완료,N,AG07
ECON01198,CUST00337,2024-11-27,채팅,주문/결제,23.0,재문의,Y,AG02
ECON01199,CUST00337,2025-10-18,이메일,반품/교환,4.0,완료,N,AG13
ECON01200,CUST00002,2025-12-21,이메일,회원/계정,19.0,완료,Y,AG19
ECON01201,CUST00002,2024-12-21,채팅,회원/계정,31.0,완료,N,AG20
ECON01202,CUST00002,2024-02-25,채팅,이벤트/쿠폰,1.0,완료,N,AG06
ECON01203,CUST00002,2025-08-01,이메일,배송문의,31.0,완료,N,AG20
ECON01204,CUST00002,2024-04-25,이메일,이벤트/쿠폰,7.0,미해결,N,AG16
ECON01205,CUST00375,2025-06-10,이메일,배송문의,8.0,재문의,Y,AG13
ECON01206,CUST00375,2025-03-31,이메일,주문/결제,2.0,완료,N,AG13
ECON01207,CUST00375,2025-10-25,이메일,이벤트/쿠폰,11.0,완료,N,AG13
ECON01208,CUST00375,2025-08-28,채팅,반품/교환,18.0,재문의,Y,AG02
ECON01209,CUST00375,2025-04-22,앱,이벤트/쿠폰,30.0,미해결,N,AG20
ECON01210,CUST00375,2025-12-16,이메일,반품/교환,29.0,완료,N,AG18
ECON01211,CUST00288,2024-01-14,전화,이벤트/쿠폰,31.0,완료,N,AG19
ECON01212,CUST00288,2024-08-18,앱,회원/계정,34.0,완료,N,AG01
ECON01213,CUST00288,2025-07-20,전화,이벤트/쿠폰,15.0,완료,N,AG06
ECON01214,CUST00112,2025-08-04,이메일,회원/계정,28.0,완료,N,AG12
ECON01215,CUST00112,2025-02-22,전화,이벤트/쿠폰,20.0,완료,N,AG20
ECON01216,CUST00112,2024-11-17,이메일,주문/결제,18.0,완료,N,AG06
ECON01217,CUST00046,2024-09-04,앱,상품문의,15.0,완료,N,AG08
ECON01218,CUST00046,2025-05-09,이메일,반품/교환,32.0,완료,N,AG01
ECON01219,CUST00046,2024-08-07,앱,이벤트/쿠폰,11.0,미해결,N,AG03
ECON01220,CUST00046,2024-04-04,채팅,배송문의,19.0,완료,Y,AG09
ECON01221,CUST00081,2025-06-07,앱,주문/결제,33.0,완료,N,AG08
ECON01222,CUST00081,2025-09-03,전화,회원/계정,22.0,완료,N,AG15
ECON01223,CUST00081,2024-11-12,채팅,이벤트/쿠폰,20.0,완료,N,AG03
ECON01224,CUST00081,2025-12-21,채팅,배송문의,20.0,완료,Y,AG15
ECON01225,CUST00081,2025-06-07,전화,이벤트/쿠폰,10.0,완료,N,AG13
ECON01226,CUST00221,2025-06-16,채팅,배송문의,12.0,완료,N,AG12
ECON01227,CUST00221,2025-06-19,채팅,주문/결제,3.0,완료,N,AG02
ECON01228,CUST00221,2025-06-16,앱,배송문의,26.0,완료,N,AG11
ECON01229,CUST00270,2025-10-15,채팅,반품/교환,16.0,완료,N,AG17
ECON01230,CUST00270,2025-10-14,전화,주문/결제,21.0,완료,N,AG06
ECON01231,CUST00270,2025-11-01,채팅,회원/계정,7.0,완료,N,AG11
ECON01232,CUST00270,2025-10-13,앱,배송문의,13.0,재문의,Y,AG10
ECON01233,CUST00340,2024-09-01,이메일,이벤트/쿠폰,27.0,미해결,N,AG05
ECON01234,CUST00297,2024-08-18,전화,주문/결제,23.0,완료,N,AG03
ECON01235,CUST00297,2024-12-02,이메일,이벤트/쿠폰,28.0,완료,Y,AG17
ECON01236,CUST00297,2024-06-08,앱,상품문의,8.0,완료,N,AG20
ECON01237,CUST00346,2024-10-02,전화,회원/계정,23.0,완료,N,AG17
ECON01238,CUST00296,2025-05-22,앱,이벤트/쿠폰,34.0,완료,N,AG03
ECON01239,CUST00296,2024-06-23,채팅,반품/교환,10.0,재문의,Y,AG04
ECON01240,CUST00296,2025-02-12,전화,반품/교환,9.0,재문의,Y,AG18
ECON01241,CUST00296,2025-12-04,이메일,반품/교환,21.0,완료,N,AG13
ECON01242,CUST00296,2025-09-24,채팅,반품/교환,18.0,완료,N,AG11
ECON01243,CUST00296,2025-12-15,전화,이벤트/쿠폰,24.0,완료,N,AG17
ECON01244,CUST00287,2025-03-23,이메일,배송문의,3.0,완료,N,AG05
ECON01245,CUST00287,2024-02-03,이메일,주문/결제,10.0,완료,N,AG12
ECON01246,CUST00287,2025-06-26,앱,회원/계정,0.0,완료,N,AG09
ECON01247,CUST00287,2025-02-27,채팅,이벤트/쿠폰,35.0,완료,N,AG07
ECON01248,CUST00287,2024-11-21,전화,회원/계정,31.0,재문의,Y,AG03
ECON01249,CUST00398,2025-08-17,앱,주문/결제,5.0,완료,N,AG15
ECON01250,CUST00398,2025-07-30,전화,주문/결제,34.0,완료,N,AG18
ECON01251,CUST00398,2024-02-15,채팅,반품/교환,33.0,완료,N,AG11
ECON01252,CUST00398,2025-07-09,전화,이벤트/쿠폰,20.0,완료,N,AG20
ECON01253,CUST00063,2025-02-07,앱,회원/계정,33.0,완료,N,AG04
ECON01254,CUST00063,2024-09-29,전화,반품/교환,22.0,완료,N,AG12
ECON01255,CUST00063,2024-05-30,앱,이벤트/쿠폰,22.0,완료,N,AG15
ECON01256,CUST00302,2024-05-14,이메일,반품/교환,10.0,완료,N,AG04
ECON01257,CUST00302,2025-07-06,채팅,주문/결제,26.0,재문의,Y,AG01
ECON01258,CUST00302,2025-07-02,앱,반품/교환,18.0,미해결,N,AG07
ECON01259,CUST00302,2025-05-29,앱,상품문의,21.0,미해결,N,AG04
ECON01260,CUST00302,2025-06-04,전화,주문/결제,5.0,완료,N,AG20
ECON01261,CUST00302,2024-02-13,이메일,주문/결제,24.0,완료,N,AG13
ECON01262,CUST00302,2024-03-24,전화,반품/교환,8.0,완료,N,AG02
ECON01263,CUST00228,2025-06-09,앱,회원/계정,18.0,재문의,Y,AG13
ECON01264,CUST00228,2025-11-26,이메일,회원/계정,24.0,미해결,N,AG06
ECON01265,CUST00364,2024-03-03,채팅,이벤트/쿠폰,22.0,완료,N,AG18
ECON01266,CUST00364,2025-06-29,채팅,이벤트/쿠폰,30.0,완료,N,AG13
ECON01267,CUST00364,2025-06-17,채팅,주문/결제,20.0,완료,N,AG19
ECON01268,CUST00035,2025-11-29,전화,이벤트/쿠폰,0.0,완료,Y,AG14
ECON01269,CUST00035,2025-09-17,이메일,반품/교환,11.0,완료,N,AG10
ECON01270,CUST00035,2025-10-31,앱,반품/교환,20.0,미해결,N,AG11
ECON01271,CUST00035,2025-09-22,앱,상품문의,19.0,재문의,Y,AG04
ECON01272,CUST00035,2025-12-13,채팅,상품문의,30.0,재문의,Y,AG14
ECON01273,CUST00035,2025-10-28,이메일,회원/계정,15.0,완료,N,AG17
ECON01274,CUST00035,2025-12-09,앱,주문/결제,0.0,완료,N,AG11
ECON01275,CUST00343,2024-06-30,이메일,주문/결제,26.0,완료,N,AG08
ECON01276,CUST00343,2024-09-09,전화,반품/교환,10.0,완료,N,AG07
ECON01277,CUST00343,2024-10-27,채팅,회원/계정,15.0,재문의,Y,AG01
ECON01278,CUST00343,2025-10-30,채팅,배송문의,3.0,완료,N,AG05
ECON01279,CUST00343,2025-09-25,전화,주문/결제,28.0,완료,N,AG06
ECON01280,CUST00172,2025-03-09,전화,주문/결제,7.0,재문의,Y,AG06
ECON01281,CUST00172,2025-03-08,전화,반품/교환,6.0,미해결,Y,AG05
ECON01282,CUST00172,2025-04-02,앱,배송문의,31.0,완료,Y,AG10
ECON01283,CUST00172,2025-08-08,전화,배송문의,20.0,완료,N,AG07
